date,story,slogan
20190101,生活解决方案,1 新的一年，别忘了“虚度”时光
20190101,今日主题,2 撞击！
20190101,今日游戏,3 集结怪物，让世界重陷混乱
20190101,今日 App,4 解放双眼，侧耳倾听
20190102,新年新气象,1 让好习惯成为本能
20190102,游戏人生,2 满足你的收集欲
20190102,今日游戏,3 简单优雅高尔夫
20190102,今日 App,4 化身小警官，勇抓小小偷
20190103,重磅更新,1 空之轨迹与梦幻的交错
20190103,对话开发者,2 与成功失之毫厘，是最美妙的时刻
20190103,小众精选,3 在手机里玩手机
20190103,学点新东西,4 最好的编程语言是什么？
20190104,游戏美学,1 何方妙笔，可绘千山
20190104,主打推荐,2 开启写生新乐趣
20190104,游戏文化,3 找到出口
20190104,生活解决方案,4 不再担心忘带笔记
20190105,小众精选,1 这台自动贩卖机，会掉出相机来
20190105,今日游戏,2 双人对战，乐趣无限
20190105,游戏文化,3 跳跃！
20190105,今日主题,4 图像标注好帮手
20190106,游戏文化,1 什么是“沙盒游戏”？
20190106,HOW TO,2 如何拍出有“深”度的大片
20190106,游戏美学,3 什么是低多边形风格？
20190106,小众精选,4 启动一项照片计划
20190107,学点新东西,1 人人能创造
20190107,小众精选,2 试试这些搞笑的游戏 😄
20190107,时下热门,3 如果太白金星是个戴金边眼镜的小女孩
20190107,专题,4 提高效率，减少加班
20190108,APP × 文化,1 小习惯，带来新年大改变
20190108,今日主题,2 在海滩上 🏖️
20190108,今日游戏,3 孤胆特工，潜行无声
20190108,生活解决方案,4 健康从喝水开始
20190109,游戏文化,1 近战法师的纯粹力量
20190109,专题,2 功夫大师 👊
20190109,HOW TO,3 创建你的专属滤镜
20190109,今日主题,4 我就是偏爱手写 ✍🏻
20190110,游戏人生,1 在梦与门的背后寻找你
20190110,今日主题,2 狂野的西部
20190110,今日 App,3 小小恐龙消防员
20190110,释放创意,4 好片配好框
20190111,SERIOUSLY?,1 科学家与小说家的宿命之战
20190111,对话开发者,2 玩游戏，看电影
20190111,游戏文化,3 某天，你在一个奇妙的地方醒来
20190111,今日主题,4 每天一点点 改变看得见
20190112,重磅更新,1 少女 Ivy 的苏醒
20190112,APP 改变生活,2 日记还能怎么记？
20190112,专题,3 大叔的魅力
20190112,今日主题,4 进入空灵禅境
20190113,游戏人生,1 烙印、伤痕与爱
20190113,重磅更新,2 银河战魂，终极对决
20190113,释放创意,3 拍得短，拍得精彩
20190113,今日主题,4 神奇的小岛
20190114,游戏文化,1 刀剑“人”情味
20190114,APP × 文化,2 型男的自我修养
20190114,高手绝招,3 一个 App 修出摄影大片
20190114,今日主题,4 动物也很忙
20190115,释放创意,1 打造“盗梦空间”般的超现实领地
20190115,入门,2 Hitman GO：暗杀的艺术
20190115,今日游戏,3 百战天鸡，撞碎寇敌
20190115,生活解决方案,4 不再担心忘带笔记
20190116,对话开发者,1 温馨厨房，生活的避风港
20190116,今日游戏,2 如何优雅地煎培根？
20190116,今日 App,3 打破平静，捕捉流动的特效
20190116,游戏文化,4 如果你喜欢科幻
20190117,重磅更新,1 英雄齐聚 王者出征
20190117,给小朋友,2 带着猫咪去上学！
20190117,今日游戏,3 小球入池，轻松解压
20190117,今日主题,4 把理想画进现实
20190118,游戏文化,1 动物世界的王权争霸
20190118,游戏人生,2 向前走，一直到尽头
20190118,APP × 文化,3 指尖绽放缤纷色彩
20190118,今日主题,4 你喜欢数学吗？
20190119,SERIOUSLY?,1 看我七十二变
20190119,给小朋友,2 怪物公司游玩指南
20190119,今日游戏,3 爆笑摔角战
20190119,游戏人生,4 医院和医生 🏥
20190120,时下热门,1 西王母重开蟠桃会 孙大圣再上南天门
20190120,APP 改变生活,2 内心的小秘密，可以向这只萌熊倾诉
20190120,今日 App,3 你每天睡多久？
20190120,游戏文化,4 从前，有一栋神秘的屋子…… 😱
20190121,生活解决方案,1 如果，你也有不太会拍照的朋友……😅
20190121,游戏人生,2 童年回忆系列： 大空翼追到他的足球梦了吗？
20190121,今日游戏,3 在天空之城“辗转”前行
20190121,今日主题,4 走！朝着温暖阳光和海水
20190122,游戏文化,1 什么是偶像？
20190122,生活解决方案,2 给自己做一份健康餐
20190122,今日游戏,3 方寸之地，披荆斩棘
20190122,今日主题,4 买菜啦！
20190123,APP × 文化,1 在大阪邂逅过去和未来
20190123,游戏美学,2 人间水墨，妖怪江湖
20190123,今日游戏,3 逃出这场梦魇
20190123,今日主题,4 小巧精准的节拍器
20190124,游戏文化,1 刹那的流星，永恒的剑
20190124,游戏文化,2 煞气四溢的十二生肖
20190124,游戏文化,3 当文人成为剑客
20190124,游戏文化,4 蒸汽朋克的奇诡武林
20190125,游戏文化,1 刹那的流星，永恒的剑
20190125,游戏文化,2 煞气四溢的十二生肖
20190125,游戏文化,3 当文人成为剑客
20190125,游戏文化,4 蒸汽朋克的奇诡武林
20190126,游戏文化,1 刹那的流星，永恒的剑
20190126,游戏文化,2 煞气四溢的十二生肖
20190126,游戏文化,3 当文人成为剑客
20190126,游戏文化,4 蒸汽朋克的奇诡武林
20190127,游戏文化,1 刹那的流星，永恒的剑
20190127,游戏文化,2 煞气四溢的十二生肖
20190127,游戏文化,3 当文人成为剑客
20190127,游戏文化,4 蒸汽朋克的奇诡武林
20190128,游戏文化,1 刹那的流星，永恒的剑
20190128,游戏文化,2 煞气四溢的十二生肖
20190128,游戏文化,3 当文人成为剑客
20190128,游戏文化,4 蒸汽朋克的奇诡武林
20190129,游戏文化,1 刹那的流星，永恒的剑
20190129,游戏文化,2 煞气四溢的十二生肖
20190129,游戏文化,3 当文人成为剑客
20190129,游戏文化,4 蒸汽朋克的奇诡武林
20190130,游戏文化,1 刹那的流星，永恒的剑
20190130,游戏文化,2 煞气四溢的十二生肖
20190130,游戏文化,3 当文人成为剑客
20190130,游戏文化,4 蒸汽朋克的奇诡武林
20190131,游戏文化,1 刹那的流星，永恒的剑
20190131,游戏文化,2 煞气四溢的十二生肖
20190131,游戏文化,3 当文人成为剑客
20190131,游戏文化,4 蒸汽朋克的奇诡武林
20190201,游戏文化,1 刹那的流星，永恒的剑
20190201,游戏文化,2 煞气四溢的十二生肖
20190201,游戏文化,3 当文人成为剑客
20190201,游戏文化,4 蒸汽朋克的奇诡武林
20190202,游戏文化,1 刹那的流星，永恒的剑
20190202,游戏文化,2 煞气四溢的十二生肖
20190202,游戏文化,3 当文人成为剑客
20190202,游戏文化,4 蒸汽朋克的奇诡武林
20190203,游戏文化,1 刹那的流星，永恒的剑
20190203,游戏文化,2 煞气四溢的十二生肖
20190203,游戏文化,3 当文人成为剑客
20190203,游戏文化,4 蒸汽朋克的奇诡武林
20190204,游戏文化,1 刹那的流星，永恒的剑
20190204,游戏文化,2 煞气四溢的十二生肖
20190204,游戏文化,3 当文人成为剑客
20190204,游戏文化,4 蒸汽朋克的奇诡武林
20190205,游戏文化,1 刹那的流星，永恒的剑
20190205,游戏文化,2 煞气四溢的十二生肖
20190205,游戏文化,3 当文人成为剑客
20190205,游戏文化,4 蒸汽朋克的奇诡武林
20190206,游戏文化,1 刹那的流星，永恒的剑
20190206,游戏文化,2 煞气四溢的十二生肖
20190206,游戏文化,3 当文人成为剑客
20190206,游戏文化,4 蒸汽朋克的奇诡武林
20190212,释放创意,1 “亲手做”的神奇魔力
20190212,APP × 文化,2 给自己“浇浇水”
20190212,今日游戏,3 一跳飞天，翱翔太空
20190212,妙趣横生,4 爽快游戏！
20190213,APP × 文化,1 恋爱仪式感
20190213,小众精选,2 踏上这片梦幻大陆
20190213,今日游戏,3 力争上“鱿”
20190213,妙趣横生,4 欲罢不能的探索感
20190214,小众精选,1 世界就要毁灭了 而我想和你一起吃面包
20190214,游戏人生,2 柔软、粘稠又易逝的心意
20190214,APP × 文化,3 越久越甜蜜：让爱保鲜的幸福秘诀
20190214,SERIOUSLY?,4 合格对象的十六字箴言
20190215,SERIOUSLY?,1 是餐厅使你感到饥饿
20190215,名词揭秘,2 跨越时代的 8-bit 音乐
20190215,今日游戏,3 折叠空间
20190215,游戏人生,4 生存的法则
20190216,生活解决方案,1 这个周末， 可以跟孩子怎么过？
20190216,APP × 文化,2 专注力比赛，你不会想输给一条金鱼吧？
20190216,今日游戏,3 燃烧吧，武术之魂！
20190216,时下热门,4 学术还是要认真做啊！
20190217,时下热门,1 经典网游的老树新芽
20190217,入门,2 《INSIDE》：愿我们在黑暗的另一边相见
20190217,APP × 文化,3 转角遇见独一无二的它
20190217,给小朋友,4 给好学的小家伙
20190218,游戏人生,1 蒸汽朋克的奇妙世界
20190218,今日游戏,2 方寸间的极简解谜
20190218,今日 App,3 家有小小发型师
20190218,生活解决方案,4 不仅是记日子
20190219,游戏文化,1 痛快战 BOSS
20190219,生活解决方案,2 你试过这样呼吸吗？
20190219,今日游戏,3 萌犬寻宝记
20190219,今日主题,4 古意盎然
20190220,独立佳作,1 旋转，跳跃，然后打结
20190220,给小朋友,2 健身养成术
20190220,今日主题,3 来打球吧
20190220,学点新东西,4 生物密码
20190221,APP × 文化,1 每两周，世界就会消失一种语言
20190221,今日游戏,2 “纸境”通幽处
20190221,今日主题,3 满屏都是子弹
20190221,小众精选,4 你能听见自己的呼吸吗？
20190222,游戏文化,1 梦和潜意识
20190222,生活解决方案,2 来个说睡就睡的午觉
20190222,游戏人生,3 正义的伙伴
20190222,APP 改变生活,4 从想法到 App
20190223,生活解决方案,1 更好入睡，才能更好起床
20190223,游戏人生,2 惊悚表象之下，是深刻的人生
20190223,今日主题,3 交通工具的魅力
20190223,学点新东西,4 给日语学习者
20190224,DIY,1 没有什么烦恼是一顿热锅解决不了的
20190224,今日游戏,2 静心园中，巧解花朵之谜
20190224,游戏人生,3 做一个助人为乐的好人
20190224,给小朋友,4 让 iPad 成为孩子的学习伴侣
20190225,游戏文化,1 童年回忆系列：一炮决胜的快乐
20190225,给小朋友,2 在这座小镇里，假期永远不会结束
20190225,游戏文化,3 钢铁浪漫
20190225,给小朋友,4 是什么和为什么
20190226,SERIOUSLY?,1 踩着自己的尸体前进
20190226,主打推荐,2 把日常拍出电影感
20190226,老少咸宜,3 归园田居
20190226,小众精选,4 给制表高手
20190227,值得一看,1 《铳梦》： 废土中的战斗天使
20190227,独立佳作,2 薇薇安和骑士
20190227,小众精选,3 习惯了 Markdown，你就回不去了
20190227,游戏人生,4 致亲爱的你
20190228,编辑最爱,1 二月最佳
20190228,今日游戏,2 猴与气球，纷争未休
20190228,游戏美学,3 剪影描绘的迷人世界
20190228,今日主题,4 一拖一放
20190301,限时特惠,1 伟大航路群星闪耀
20190301,高手绝招,2 想少加点班？
20190301,今日主题,3 “弱小”的你
20190301,提高效率,4 你是个自由职业者
20190302,重磅更新,1 《火影忍者 OL》通行证系统上线！
20190302,今日游戏,2 充满童真的唯美冒险
20190302,今日主题,3 精选好游戏 周末畅快玩
20190302,学点新东西,4 你的课外兴趣是什么？
20190303,编辑最爱,1 本周新游推荐
20190303,今日游戏,2 创意十足的“新俄罗斯方块”
20190303,SERIOUSLY?,3 做个大反派
20190303,今日主题,4 如果你爱玩 HIIT
20190304,值得一看,1 《铳梦》： 废土中的战斗天使
20190304,妙趣横生,2 《比特小队》：又难又停不下手的多彩冒险
20190304,今日游戏,3 折叠彩带，这事比你想的难
20190304,今日主题,4 中午不睡，下午崩溃
20190305,APP × 文化,1 让人抓狂的 bug，也有可爱之处啊
20190305,游戏人生,2 人类的本质是计算机
20190305,今日 App,3 等待小生命到来的日子
20190305,游戏文化,4 万能的主角
20190306,游戏人生,1 童年回忆系列： 谁会厌倦过山车呢
20190306,小众精选,2 拿起它， 做个灵魂“摄”手！
20190306,对话开发者,3 时间的磨砺，只会让金子更耀眼
20190306,游戏人生,4 家人之爱
20190307,游戏人生,1 唤醒最初的飞行记忆
20190307,独立佳作,2 忍住眼泪，精英动物小队！
20190307,今日 App,3 一词一句，浓缩时光
20190307,生活解决方案,4 你新家的样子
20190308,女性力量,1 作为开发者，她们说
20190308,女性力量,2 游戏行业中的女性身影
20190308,女性力量,3 世界因她们而更加美好
20190308,编辑最爱,4 巾帼不必让须眉
20190309,限时特惠,1 获取你的神秘符咒
20190309,今日游戏,2 控制世界的按钮
20190309,今日 App,3 今日 App
20190309,今日主题,4 精选好游戏 周末畅快玩
20190310,编辑最爱,1 本周新游推荐
20190310,名词揭秘,2 正念冥想到底是什么？
20190310,APP × 文化,3 亲爱的梵高
20190310,今日主题,4 甜点时间
20190311,游戏人生,1 《G30》究竟是什么？
20190311,小众精选,2 惊喜 就在随机的下一个
20190311,生活解决方案,3 好工具做出好创意
20190311,老少咸宜,4 开一家小店
20190312,今日游戏,1 “炉石”究竟是什么 而你又为何身在旅店
20190312,进阶指南,2 当恐惧层层袭来
20190312,今日 App,3 手稿自动数据化
20190312,SERIOUSLY?,4 大搞破坏！
20190313,游戏文化,1 火星上的点点星火
20190313,生活解决方案,2 翻新你的旧照片
20190313,今日游戏,3 真球王，拼脑力
20190313,生活解决方案,4 啊，好困！
20190314,重磅更新,1 带着人偶潜入深海！
20190314,今日游戏,2 走路好难！
20190314,生活解决方案,3 白噪音为什么是“白色”的？
20190314,小众精选,4 倒数 3、2、1
20190315,限时特惠,1 武士和他们的面具
20190315,主打推荐,2 和风吹拂中 漫步异世界
20190315,今日 App,3 拼贴照片，串起精彩点滴
20190315,小众精选,4 你那里几点了？
20190316,人气游戏,1 拳皇，全明星！
20190316,时下热门,2 假如把猫和狗绑在一起
20190316,小众精选,3 这台自动贩卖机，会掉出相机来
20190316,今日主题,4 精选好游戏 周末畅快玩
20190317,编辑最爱,1 本周新游推荐
20190317,HOW TO,2 如何用好“屏幕使用时间”
20190317,快速上手,3 让创意发声
20190317,老少咸宜,4 简单又好玩！
20190318,小众精选,1 群星之间的江湖
20190318,学点新东西,2 入门小语种，怎样才能轻松些？
20190318,今日游戏,3 你的美食帝国，从一份炸薯条外卖开始
20190318,学点新东西,4 强悍的词典给强大的你
20190319,游戏美学,1 那些格调十足的游戏
20190319,今日游戏,2 绽放森林之力，净化黑暗力量
20190319,独立佳作,3 病毒之中 末世求生
20190319,现已支持 SIRI 捷径,4 健康的“捷径”
20190320,游戏美学,1 这片诡异湖水 你无法逃离
20190320,幕后花絮,2 《哈利·波特》背后的设计魔法师
20190320,今日 App,3 Darkroom
20190320,SERIOUSLY?,4 开垦外太空！
20190321,时下热门,1 羽化登仙 或堕入魔道
20190321,给小朋友,2 春天到啦！ 与小太阳游览节气岛吧
20190321,生活解决方案,3 更好入睡，才能更好起床
20190321,老少咸宜,4 欢乐竞速 🏎️
20190322,限时活动,1 勇者的试炼
20190322,给小朋友,2 小朋友，这本超强词典送给你
20190322,主打推荐,3 电子笔记 纸本质感
20190322,游戏美学,4 春天到了，远足去！
20190323,限时特惠,1 驾驭疾速，在光影中自在飘移
20190323,今日游戏,2 糖果，和好友分享才更甜美
20190323,主打推荐,3 选对编辑工具，照片越发出彩
20190323,今日主题,4 精选好游戏 周末畅快玩
20190324,编辑最爱,1 本周新游推荐
20190324,书籍改编,2 追逐化身博士
20190324,大片入门,3 做张“活”照片
20190324,学点新东西,4 123 和 ABC
20190325,APP × 文化,1 经过整理后的人生，会变得更加闪亮
20190325,今日游戏,2 今日游戏
20190325,给小朋友,3 让孩子体验养育小生命的乐趣
20190325,游戏人生,4 划着我的小船 🚣‍♀️
20190326,游戏文化,1 “暗黑”的后继者们
20190326,今日 App,2 寻找理想国
20190326,小众精选,3 你从没听过这样的声音
20190326,编辑最爱,4 消除之乐
20190327,抢鲜看,1 云上之景，只属于飞行者的世界
20190327,APP × 文化,2 你知道“木胎掐丝”是什么吗？
20190327,今日游戏,3 遇险开路，逢凶化吉
20190327,时下热门,4 HomePod 好伴侣
20190328,限时特惠,1 闪光吧，魂卡！
20190328,指南,2 想拍张美美的早餐图？
20190328,今日游戏,3 谁说猫咪都怕水？
20190328,人人都爱玩,4 欢迎来到热带 🥥🏝🐠
20190329,周年庆典,1 《梦幻西游》手游四周年庆典
20190329,值得一看,2 明星和素人， 谁更综艺咖？
20190329,今日 App,3 牙刷当利剑，击退小怪物！
20190329,游戏文化,4 可爱的路人们
20190330,游戏文化,1 不朽的黑暗骑士
20190330,今日主题,2 精选好游戏 周末畅快玩
20190330,今日游戏,3 嘭！打开苏打瓶，美味乐不停
20190330,对话开发者,4 让手绘活起来
20190331,编辑最爱,1 三月最佳
20190331,编辑最爱,2 本周新游推荐
20190331,今日 App,3 今日 App
20190331,妙趣横生,4 炫酷十足 😎
20190401,重磅更新,1 极限的谋略对决
20190401,今日游戏,2 心中有“数”，才能拯救世界
20190401,主打推荐,3 这台自动贩卖机，会掉出相机来
20190401,生活解决方案,4 备战四六级
20190402,抢鲜看,1 云上之景，只属于飞行者的世界
20190402,今日游戏,2 大眼萌猫，再闯地牢
20190402,今日 App,3 让宝宝成为百变大咖
20190402,学点新东西,4 来“听”课
20190403,人气游戏,1 《开心消消乐》里你不知道的 X 个秘密
20190403,家长必备,2 是百宝箱？还是潘多拉魔盒？
20190403,今日游戏,3 错置时空中的云霄飞“球”
20190403,生活解决方案,4 换张新墙纸
20190404,重磅更新,1 部落冲突一触即发
20190404,探索 AR 世界,2 自己苦练，不如找个“伴”
20190404,今日游戏,3 忙碌的日料小餐厅
20190404,人人都爱玩,4 抓紧时间，玩！🎮
20190405,电子竞技,1 非对称竞技的魅力
20190405,生活解决方案,2 又要报销了，你看着这堆发票……
20190405,游戏文化,3 什么是“沙盒游戏”？
20190405,释放创意,4 不会绘画？来涂鸦！
20190406,限时特惠,1 你订阅的春天已送达
20190406,今日主题,2 精选好游戏 周末畅快玩
20190406,今日游戏,3 辣到喷火，小猪快跑！
20190406,今日 App,4 刷牙真快乐！
20190407,限时活动,1 人气游戏 限时优惠
20190407,编辑最爱,2 本周新游推荐
20190407,给小朋友,3 打开不一样的童话之门
20190407,今日主题,4 立即逃离 💨
20190408,SERIOUSLY?,1 当你成为偶像经纪公司老板
20190408,今日游戏,2 火力全开，碾压战场
20190408,今日 App,3 今日 App
20190408,妙趣横生,4 通关了？再来一遍
20190409,时下热门,1 治大国若烹小鲜
20190409,今日游戏,2 高墙之内，暗流涌动
20190409,快速上手,3 “声声”不息，生活惬意
20190409,游戏美学,4 风格强烈的游戏体验
20190410,游戏美学,1 生命与语言之外的往事
20190410,今日游戏,2 带上马克笔，千里寻兄弟
20190410,今日 App,3 那些难忘的照片，是人生的精彩分镜
20190410,生活解决方案,4 做顿好吃的
20190411,游戏文化,1 咸鱼跃龙门！
20190411,生活解决方案,2 办公桌整理术
20190411,探索 AR 世界,3 走进大卫·鲍伊的传奇人生
20190411,今日主题,4 那些你熟悉的角色
20190412,独立佳作,1 走迷宫打牌，也要步步为营
20190412,APP × 文化,2 时光的刻度
20190412,今日 App,3 你做的寿司好吃吗？
20190412,游戏美学,4 东洋风情
20190413,人气游戏,1 大好春光，正是捉妖时
20190413,今日主题,2 精选好游戏 周末畅快玩
20190413,学点新东西,3 用你最喜欢的方式背单词
20190413,时下热门,4 深邃星空
20190414,编辑最爱,1 本周新游推荐
20190414,指南,2 开启《腾讯视频》的护眼模式
20190414,今日游戏,3 迷宫之中，四杆进洞
20190414,时下热门,4 凛冬将至
20190415,值得一看,1 《权力的游戏》 迎来最终季
20190415,对话开发者,2 铁王座背后的王与后
20190415,APP 改变生活,3 内心的小秘密，可以向这只萌熊倾诉
20190415,游戏赏析,4 来打牌吗？
20190416,游戏人生,1 我迷失在翘班之路
20190416,专题,2 一场不一样的 曼谷之旅
20190416,今日游戏,3 今日游戏
20190416,游戏人生,4 与世隔绝的宁静生活 😌
20190417,重磅更新,1 既含睇兮又宜笑 子慕予兮善窈窕
20190417,游戏人生,2 在游戏中游历日本
20190417,今日 App,3 拍一部复古电影
20190417,游戏美学,4 动人的游戏原声音乐 🎼
20190418,深度解析,1 什么是“弹幕”游戏？
20190418,释放创意,2 移轴摄影，打造微缩世界的秘密
20190418,指南,3 用镜头留住璀璨夜色
20190418,妙趣横生,4 活出另一个精彩
20190419,重磅更新,1 决战黄昏圣殿
20190419,尝鲜,2 你的手指有魔法
20190419,幕后花絮,3 人气餐厅游戏的独家“配方”
20190419,妙趣横生,4 “教练，我想打篮球！” 🏀
20190420,独立佳作,1 为什么是异常？
20190420,今日主题,2 精选好游戏 周末畅快玩
20190420,进阶指南,3 《CSR Racing 2》里的五款传奇跑车
20190420,生活解决方案,4 如果，你也有不太会拍照的朋友……😅
20190421,编辑最爱,1 本周新游推荐
20190421,指南,2 把纸质文件存进手机，还能即搜即用
20190421,今日游戏,3 你能点亮全部按钮吗？
20190421,生活解决方案,4 天公作美吗？☀️🌧️
20190422,主打推荐,1 水深火热的星球
20190422,幕后花絮,2 大自然的故事
20190422,对话开发者,3 聆听地球的旋律
20190422,限时活动,4 戴着 ⌚️ 动起来
20190423,APP 改变生活,1 春天便是读书天
20190423,APP × 文化,2 梁文道： 书迷养成记
20190423,生活解决方案,3 如何挑选一本好书？
20190423,今日主题,4 读书好伴侣
20190424,时下热门,1 超级反派：灭霸
20190424,给小朋友,2 回答孩子们的 “十万个为什么”
20190424,今日游戏,3 滑板高手，左右逢源
20190424,妙趣横生,4 找准角度
20190425,重磅更新,1 樱色花瓣飞舞之时
20190425,今日游戏,2 成为猎人，还是成为猎物？
20190425,今日 App,3 听，你内心小宇宙的声音
20190425,时下热门,4 复仇者集结！
20190426,独立佳作,1 立体书上的策略冒险
20190426,今日游戏,2 千万不要启动那台油墨机
20190426,高手绝招,3 巧用《熊掌记》五大“利器”
20190426,游戏人生,4 当灾难降临
20190427,生活解决方案,1 你的行李箱 其实很能装
20190427,今日主题,2 精选好游戏 周末畅快玩
20190427,今日游戏,3 萌怪横行世界
20190427,游戏人生,4 在梦与门的背后寻找你
20190428,编辑最爱,1 本周新游推荐
20190428,指南,2 如何拍出很“正”的 俯拍美食照？
20190428,今日游戏,3 命悬一线的雪山救援
20190428,生活解决方案,4 你思维的脉络
20190429,指南,1 五一捉妖指南
20190429,生活解决方案,2 真不想排队！
20190429,今日游戏,3 汽车人，变形出发！
20190429,提高效率,4 你能专注多久？
20190430,编辑最爱,1 四月最佳
20190430,大片入门,2 抹掉杂物，照片更完美
20190430,今日游戏,3 当尖刺缓缓靠近……
20190430,今日主题,4 指尖的经典
20190501,人气游戏,1 忍者也可以是超级英雄！
20190501,值得一看,2 20 世纪的传奇人物 有你不知道的另一面
20190501,今日游戏,3 萌猫向上冲！
20190501,生活解决方案,4 欢迎大家来作客
20190502,重磅更新,1 行镖于《天下》
20190502,快速上手,2 认真“趣”做自己的事
20190502,今日游戏,3 恶灵，退散！
20190502,爱健身,4 试试自重训练
20190503,时下热门,1 末世、少女和塔防
20190503,一起玩,2 你要一起来玩弹珠吗？
20190503,今日 App,3 口袋小马大师，非你莫属
20190503,游戏赏析,4 来试试这些中文游戏吧
20190504,游戏人生,1 超级反派：黑武士
20190504,今日主题,2 精选好游戏 周末畅快玩
20190504,今日 App,3 派对女王的彩妆宝典
20190504,游戏人生,4 这些游戏或许会令你流泪
20190505,编辑最爱,1 本周新游推荐
20190505,指南,2 除了加照片滤镜，《VSCO》还可以……
20190505,今日 App,3 拍个另类 AR 视频
20190505,妙趣横生,4 “教练，我想打篮球！” 🏀
20190506,游戏文化,1 《命运-冠位指定》的绚烂英雄画卷
20190506,生活解决方案,2 你的照片里， 好天气不再缺席
20190506,今日游戏,3 指尖拨动出曼妙色彩
20190506,爱健身,4 腕上好陪练 ⌚️
20190507,幕后花絮,1 感受真实绿茵场
20190507,对话开发者,2 挑战扭曲，还原镜头下的真实“视”界
20190507,今日游戏,3 漂移转弯，才够飘逸
20190507,限时特惠,4 用 Apple Pay 支付 立享五折
20190508,生活解决方案,1 一直坐着 是件可怕的事
20190508,主打推荐,2 杂牌救世军团
20190508,今日 App,3 你的一天，它来安排
20190508,大片入门,4 编辑你的 RAW 格式照片
20190509,主打推荐,1 你能否战到最后？
20190509,今日主题,2 珍藏每个情感瞬间
20190509,今日游戏,3 孤独的自我超越者
20190509,今日 App,4 揭开大自然的神秘面纱
20190510,重磅更新,1 师父，你都把妖精杀光了还要我作甚！
20190510,对话开发者,2 当胶片艺术遇上科技
20190510,今日游戏,3 神奇生物在这里
20190510,游戏文化,4 “你来我往”的回合制游戏
20190511,尝鲜,1 成为隐形守护者
20190511,编辑最爱,2 本周新游推荐
20190511,指南,3 查看照片隐藏的 “小秘密”
20190511,今日主题,4 精选好游戏 周末畅快玩
20190512,时下热门,1 妈，我真的过得挺好
20190512,游戏人生,2 游戏里的母亲
20190512,今日 App,3 等待小生命到来的日子
20190512,游戏人生,4 家人之爱
20190513,尝鲜,1 瑰雪黑阳
20190513,大片入门,2 阳光中定格那片花瓣
20190513,今日 App,3 关于向日葵，你知道多少？
20190513,妙趣横生,4 游戏中的致富经 💰
20190514,人气游戏,1 靠爱与串串环游世界
20190514,游戏文化,2 你以为斗法就只有搓火球？
20190514,今日游戏,3 用利剑与魔法开疆拓土
20190514,提高效率,4 一上班就困？
20190515,值得一看,1 为什么“我是唱作人”？
20190515,独立佳作,2 超级喵赛克
20190515,今日游戏,3 世界美食，齐聚弹丸小镇
20190515,游戏人生,4 救人要紧！
20190516,爱健身,1 对奔跑的渴望，让人无惧黑暗
20190516,幕后花絮,2 单手成就 DJ 人生
20190516,今日游戏,3 在家里建一片海洋
20190516,游戏文化,4 找到关键，解开谜题
20190517,周年庆典,1 不只是换装
20190517,APP × 文化,2 古典音乐怎么听？
20190517,今日 App,3 为美好瞬间增添细腻质感
20190517,妙趣横生,4 体验走路的乐趣 🚶🏻‍♀️🚶🏻‍♂️
20190518,重磅更新,1 《倩女幽魂》三周年庆典
20190518,今日主题,2 精选好游戏 周末畅快玩
20190518,大片入门,3 拍摄精彩慢动作视频
20190518,今日 App,4 今日 App
20190519,编辑最爱,1 本周新游推荐
20190519,指南,2 用豆列收藏“一切”
20190519,对话开发者,3 一场真情实感的冒险
20190519,游戏人生,4 手足情深 👬👭
20190520,值得一看,1 这份爱情影单，不只有甜蜜
20190520,今日游戏,2 奔跑在奇幻星球
20190520,生活解决方案,3 你试过这样呼吸吗？
20190520,人人都爱玩,4 试试这些魔性的游戏
20190521,生活解决方案,1 三个专注力锦囊
20190521,游戏美学,2 山谷里的隐秘天堂
20190521,今日游戏,3 如何捉迷藏，才能藏起心中的恐慌？
20190521,人人都爱玩,4 无限狂奔 🏃🏻‍♀️
20190522,指南,1 手感不好，怎能屹立战场？
20190522,重磅更新,2 踏入沙漠王国
20190522,今日 App,3 你的手指，是最好的画笔
20190522,妙趣横生,4 单手就能玩！
20190523,限时特惠,1 永远的龙珠
20190523,时下热门,2 敲地板真有那么好玩？
20190523,今日 App,3 当晒已成往事
20190523,游戏人生,4 美好的友情
20190524,重磅更新,1 沙僧也有爱情故事？
20190524,APP × 文化,2 “看不懂”的现代艺术？
20190524,今日游戏,3 一人挑战全世界
20190524,游戏美学,4 身临其境的游戏体验
20190525,重磅更新,1 《梦幻模拟战》 妖精兵团长登场
20190525,今日主题,2 精选好游戏 周末畅快玩
20190525,指南,3 穿越到复古画框中
20190525,APP × 文化,4 今天不妨偷个懒？
20190526,编辑最爱,1 本周新游推荐
20190526,指南,2 怎么让图片变小？
20190526,今日 App,3 每一步，都是绿意盎然
20190526,游戏美学,4 独特的美术风格
20190527,幕后花絮,1 梁文道与他的理想国
20190527,尝鲜,2 哦船长，来走格子吧
20190527,今日 App,3 如果你也是相册“整理控”
20190527,游戏文化,4 万物皆可拟人？
20190528,主打推荐,1 我不做人啦！
20190528,高手绝招,2 喵星人绝不认输！
20190528,进阶指南,3 昨晚的呼噜是谁打的？💤
20190528,爱健身,4 腕上好陪练 ⌚️
20190529,时下热门,1 星空、游侠和一条老狗
20190529,APP 改变生活,2 发现更自由的手帐乐趣
20190529,今日游戏,3 你在中学里最讨厌的三视图又来了
20190529,妙趣横生,4 酷炫摩托 🏍️
20190530,游戏文化,1 但，什么是地狱边境？
20190530,生活解决方案,2 用《豆瓣》，做个观影和追剧达人
20190530,大片入门,3 用 RAW 格式拍照的好处
20190530,人人都爱玩,4 缤纷水果味 🍉🍌🍑🍓🥝🍊🍒🥥🍈🥭
20190531,编辑最爱,1 五月最佳
20190531,APP × 文化,2 怎样才算看懂了经典电影？
20190531,限时特惠,3 节日游戏折扣
20190531,今日主题,4 让相册不再凌乱
20190601,重磅更新,1 如何对付一只猫
20190601,游戏文化,2 长大我要做游戏
20190601,给小朋友,3 宝贝的好习惯养成记
20190601,给小朋友,4 创造梦中的六一
20190602,编辑最爱,1 本周新游推荐
20190602,今日 App,2 直击 WWDC 2019
20190602,指南,3 批量给照片 加上时间戳
20190602,电子竞技,4 KPL 春季总决赛开打
20190602,专题,5 精选好游戏 周末畅快玩
20190602,今日游戏,6 七座高塔，花落谁家
20190603,值得一看,1 凭心而动，才是少年的江湖
20190603,WWDC19,2 WWDC 2019 奖学金名单揭晓
20190603,今日游戏,3 与死神擦肩而过，其乐无穷
20190603,游戏文化,4 独特的放置游戏
20190604,重磅更新,1 拜师和格斗也是赛车的一部分！
20190604,今日游戏,2 踢一场没有球门的足球赛
20190604,今日 App,3 妈妈，巧克力是从树上摘的吗？
20190604,生活解决方案,4 你有个室友
20190605,时下热门,1 在看《X 战警：黑凤凰》之前
20190605,WWDC19,2 2019 年度 Apple 设计大奖揭晓
20190605,游戏赏析,3 关灯玩，更刺激
20190605,今日游戏,4 墙头有风险，爬墙需谨慎
20190606,周年庆典,1 魂斗罗 x 赤色要塞 x 沙罗曼蛇 x 绿色兵团
20190606,重磅更新,2 超人气电子歌姬登场
20190606,高手绝招,3 捉迷藏的正确方式
20190606,SERIOUSLY?,4 玩游戏，环游世界 🌍
20190607,限时活动,1 精彩游戏 端午特别优惠
20190607,时下热门,2 粽子真好吃啊，然后呢？
20190607,给小朋友,3 剑桥小镇的英语魔力
20190607,妙趣横生,4 在大脑中冒险
20190608,限时活动,1 端午息武，酬唱江湖
20190608,专题,2 精选好游戏 周末畅快玩
20190608,游戏人生,3 游戏的另一种可能
20190608,今日 App,4 交织在双重视界里
20190609,编辑最爱,1 本周新游推荐
20190609,指南,2 一键自动拼长图
20190609,今日 App,3 你的照片，还可以这么玩
20190609,妙趣横生,4 来一波华丽的连招
20190610,值得一看,1 你可以忘记全世界， 我不想忘记你
20190610,释放创意,2 修图要简单，还要强大
20190610,今日游戏,3 《惊奇剑士》：向老派动作游戏致敬
20190610,游戏人生,4 结局一定要完美吗？
20190611,时下热门,1 即便化为无形 我们也不会停下脚步
20190611,人气游戏,2 乒乓！
20190611,今日 App,3 数学大冒险
20190611,提高效率,4 全屏沉浸写作
20190612,SERIOUSLY?,1 我们都有拖延症
20190612,尝鲜,2 宫本武藏的轮回
20190612,今日游戏,3 攻城拔寨，所向披靡
20190612,今日主题,4 中午不睡，下午崩溃
20190613,时下热门,1 仗剑十年，江湖重逢
20190613,今日游戏,2 追寻先贤的足迹
20190613,今日 App,3 让照片主角闪耀动人
20190613,妙趣横生,4 躲开，危险 ⚠️
20190614,抢鲜看,1 凛冬已至 书写崭新史诗
20190614,给小朋友,2 水从哪里来，会到哪里去？
20190614,编辑最爱,3 游戏高手？让我们来“笔画”一下！
20190614,释放创意,4 该换胶卷啦！
20190615,编辑最爱,1 本周新游推荐
20190615,专题,2 精选好游戏 周末畅快玩
20190615,今日游戏,3 逃离暗黑疯人院
20190615,即刻体验,4 在趣味游戏中开动小脑筋
20190616,值得一看,1 父爱，不只有一种模样
20190616,指南,2 纸质资料秒变 PDF 文档
20190616,入门,3 友谊、征途与使命
20190616,生活解决方案,4 你新家的样子
20190617,时下热门,1 使徒来袭！
20190617,WWDC19,2 少年开发者： 从零踏上 App 开发之旅
20190617,今日游戏,3 纸牌接龙新玩法
20190617,硬核玩家,4 难到令人发指的平台跳跃
20190618,释放创意,1 其实“废片”也很美
20190618,今日游戏,2 另类台球，华丽舞蹈
20190618,今日 App,3 动物园里还可以这么玩
20190618,生活解决方案,4 看球啦！
20190619,游戏文化,1 初入江湖，你的门派是……
20190619,释放创意,2 Moleskine 的双重生活
20190619,今日游戏,3 来一盘西洋双陆棋如何？
20190619,提高效率,4 手势操作超方便
20190620,时下热门,1 与人斗，其乐无穷
20190620,DIY,2 做道不会失败的拿手菜
20190620,今日游戏,3 花式上菜的正确姿势
20190620,游戏人生,4 表达爱意 ❤️
20190621,值得一看,1 周末看什么
20190621,给小朋友,2 是什么，标志着盛夏已至？
20190621,爱健身,3 想练瑜伽，该从哪里开始？
20190621,硬核玩家,4 致军事迷
20190622,全球首发,1 在风中相遇 在光中起舞
20190622,专题,2 精选好游戏 周末畅快玩
20190622,释放创意,3 给照片加个冰棍味的滤镜
20190622,今日游戏,4 一边画画一边捡鸡蛋是怎样的体验
20190623,今日游戏,1 冷酷世界的无尽战斗
20190623,编辑最爱,2 本周新游推荐
20190623,指南,3 足不出户 缴纳生活费用
20190623,妙趣横生,4 分量超足的游戏
20190624,重磅更新,1 圣剑重铸
20190624,值得一看,2 木星是太阳系里的“教父”？
20190624,今日游戏,3 好想打雪仗啊！
20190624,妙趣横生,4 十八般兵器，样样精通
20190625,时下热门,1 兴趣使然的 英雄
20190625,新版上线,2 废土上不只有一个 避难所
20190625,今日 App,3 随时随地做导演
20190625,释放创意,4 记录初夏美好片段
20190626,重磅更新,1 在暗夜危机中 抵抗尸潮
20190626,游戏美学,2 点击解谜和迷人神话
20190626,给小朋友,3 爸爸，长大我要当消防员！
20190626,生活解决方案,4 安置你的心事
20190627,时下热门,1 无比休闲的竞技之作
20190627,APPLE DESIGN AWARDS,2 这个笔记本，你永远写不完
20190627,深度故事,3 学编程，永远不晚
20190627,游戏人生,4 游戏令人深思
20190628,重磅更新,1 彼岸新语
20190628,编辑最爱,2 周末看什么
20190628,人人都爱玩,3 人人都是英雄
20190628,今日 App,4 喝完这杯神奇果汁，它们都……
20190629,时下热门,1 电影中的蜘蛛侠
20190629,专题,2 精选好游戏 周末畅快玩
20190629,指南,3 用手机拍照，如何让曝光恰到好处？
20190629,今日游戏,4 枪炮在手，硬核出击
20190630,编辑最爱,1 六月最佳
20190630,专题,2 本周新游推荐
20190630,指南,3 追剧时，只想看 TA？
20190630,游戏人生,4 若世界终将毁灭……
20190701,即刻体验,1 少年成王前
20190701,APPLE DESIGN AWARDS,2 甲虫插翅狂飙
20190701,专题,3 我能呆在河边， 钓上一整天的鱼
20190701,今日 App,4 用心呵护每个月的“她”
20190702,值得一看,1 在十二时辰里，拯救长安！
20190702,佳作回顾,2 硝烟再起，胜者为皇！
20190702,生活解决方案,3 干扰太多，想静静？
20190702,一起玩,4 暑假一起玩！
20190703,对话开发者,1 我想让游戏设计师 成为受人尊重的职业
20190703,SERIOUSLY?,2 我今天 不想上班
20190703,AR APP,3 给生活加点戏
20190703,给小朋友,4 孩子们的大航海之旅
20190704,时下热门,1 可能性无限的竞速娱乐场
20190704,今日游戏,2 驰骋 F1 赛场
20190704,对话创作团队,3 从超级英雄到超萌英雄
20190704,生活解决方案,4 汇率换算好帮手
20190705,指南,1 天空王国入门指南
20190705,重磅更新,2 “魂斗罗”可以三人组队？
20190705,给小朋友,3 爸爸，长大我要当医生！
20190705,人人都爱玩,4 拯救世界吧！
20190706,编辑最爱,1 周末看什么
20190706,专题,2 精选好游戏 周末畅快玩
20190706,DIY,3 用体素搭建你的小世界
20190706,今日游戏,4 经营超市，成就商业传奇
20190707,编辑最爱,1 本周新游推荐
20190707,时下热门,2 “这是什么垃圾？”
20190707,指南,3 在海外旅行， 如何高效问路
20190707,游戏赏析,4 听个好故事
20190708,尝鲜,1 命运的六人
20190708,指南,2 自制你的赛博朋克滤镜
20190708,APPLE DESIGN AWARDS,3 让节奏在指尖苏醒
20190708,独立佳作,4 为什么是异常？
20190708,时下热门,5 清凉水世界
20190708,今日主题,6 口袋里的扫描仪
20190709,游戏文化,1 现在，怪兽由你来控制
20190709,释放创意,2 喵星人表情包制作指南
20190709,今日游戏,3 Minecraft
20190709,妙趣横生,4 又难又停不下手的多彩冒险
20190709,今日主题,5 二次元集结！
20190709,提高效率,6 心无旁骛
20190710,时下热门,1 旷世大战，由你指挥
20190710,游戏文化,2 刷刷刷，简单而充实的乐趣
20190710,今日游戏,3 我们能否重新被想起？
20190710,指南,4 水面倒影拍摄指南
20190710,游戏文化,5 如果你喜欢科幻
20190710,今日主题,6 小巧精准的节拍器
20190711,重磅更新,1 你难道不想开一辆会“飞”的车吗？
20190711,游戏美学,2 在纸上飞翔
20190711,大片入门,3 等等，让镜头“先吃”！
20190711,APP × 文化,4 让人抓狂的 bug，也有可爱之处啊
20190711,游戏人生,5 扬起帆！⛵️
20190711,今日主题,6 每天一点点 改变看得见
20190712,重磅更新,1 龙门之战
20190712,编辑最爱,2 周末读什么
20190712,今日游戏,3 今日游戏
20190712,名词揭秘,4 正念冥想到底是什么？
20190712,妙趣横生,5 角色扮演游戏中的别样人生
20190712,今日主题,6 下班做什么？
20190713,限时特惠,1 热门订阅优惠 陪你欢度盛夏
20190713,专题,2 精选好游戏 周末畅快玩
20190713,进阶指南,3 了解《Paper》 的进阶技巧
20190713,今日游戏,4 马到成功
20190713,游戏人生,5 《G30》究竟是什么？
20190713,今日主题,6 动动脑，动动手
20190714,高手绝招,1 维斯特洛大陆 新领主指南
20190714,编辑最爱,2 本周新游推荐
20190714,指南,3 你飞过的航班轨迹 都在这里
20190714,APP × 文化,4 你还记得手写的感觉吗？
20190714,人人都爱玩,5 操作简单，乐趣无穷
20190714,生活解决方案,6 智能修图新体验
20190715,APP × 文化,1 为什么大家都爱 海绵宝宝？
20190715,主打推荐,2 三国英雄的异界冒险
20190715,对话创作团队,3 氤氲在镜头中的怀旧之情
20190715,APP × 文化,4 向东京出发
20190715,游戏美学,5 这些游戏就像电影一样
20190715,今日主题,6 每天一点点 改变看得见
20190716,游戏赏析,1 女子乐队向前冲！
20190716,指南,2 这不是一个无限循环的游戏！
20190716,幕后花絮,3 让你的照片拥有情绪
20190716,APPLE DESIGN AWARDS,4 用 2000 万张照片 学会一身本领
20190716,人气游戏,5 不可错过的塔防游戏
20190716,提高效率,6 你是个自由职业者
20190717,主打推荐,1 都市封印之战
20190717,APP × 文化,2 你不知道的紫禁城
20190717,今日游戏,3 崛起一方，称霸天下
20190717,大片入门,4 “暗房”初体验
20190717,尝鲜,5 战棋游戏
20190717,释放创意,6 把理想画进现实
20190718,重磅更新,1 四天王降临
20190718,APP × 文化,2 了解汉字的起源故事
20190718,今日游戏,3 今日游戏
20190718,今日 App,4 手稿自动数据化
20190718,专题,5 充满怀旧感的平台跳跃游戏
20190718,今日主题,6 学无止境
20190719,时下热门,1 少年对抗世界
20190719,编辑最爱,2 在历史现场看见梁启超
20190719,高手绝招,3 通勤路上， “捡”一门新语言
20190719,今日游戏,4 征服魔山靠三消
20190719,专题,5 禅意游戏
20190719,提高效率,6 时间大师
20190720,重磅更新,1 《梦幻模拟战》X《幽游白书》
20190720,专题,2 精选好游戏 周末畅快玩
20190720,生活解决方案,3 好困，可是你真的没睡够吗？
20190720,今日游戏,4 高尔夫，速度就是一切
20190720,大片入门,5 为什么别人碗里的饭比较香？
20190720,释放创意,6 手动相机爱好者
20190721,编辑最爱,1 本周新游推荐
20190721,指南,2 照片一键扶正， 还能高精度微调
20190721,电影改编,3 疯狂原始人
20190721,APP × 文化,4 经过整理后的人生，会变得更加闪亮
20190721,脑洞大开,5 做个大反派
20190721,时下热门,6 你能听见自己的呼吸吗？
20190722,游戏赏析,1 战海怪、寻宝、开拓航线，当然还有垂钓
20190722,对话开发者,2 谁定义了你在用的自拍滤镜？
20190722,指南,3 密码太多记不住？
20190722,今日游戏,4 百发百中的抓娃娃机
20190722,人人都爱玩,5 简单又好玩！
20190722,今日主题,6 咖啡香气，溢满信息
20190723,指南,1 《印象笔记》的新功能，你试过了吗？
20190723,游戏赏析,2 和兔子一起玩街机
20190723,APPLE DESIGN AWARDS,3 在时间的小溪中追溯童年
20190723,今日游戏,4 要么疯狂，要么灭亡
20190723,专题,5 脊背发凉亦可消暑
20190723,释放创意,6 怎么点都好听 🎵
20190724,人气游戏,1 极限运动的魅力
20190724,脑洞大开,2 穿西装的天使和死神
20190724,今日游戏,3 小心背后！
20190724,APP × 文化,4 拿起它， 做个灵魂“摄”手！
20190724,妙趣横生,5 爽快游戏！
20190724,给小朋友,6 童游世界
20190725,重磅更新,1 在“鬼节”玩起来
20190725,脑洞大开,2 史上最穷教主
20190725,指南,3 茫茫夜空中，你属于哪里？
20190725,APP × 文化,4 惊喜 就在随机的下一个
20190725,脑洞大开,5 这个主角有点怪
20190725,今日主题,6 寓教于乐创意多
20190726,编辑最爱,1 走，撸串去！
20190726,人人都爱玩,2 玩游戏真的能学会做饭吗？
20190726,今日游戏,3 海的魔力转圈圈
20190726,游戏文化,4 火星上的点点星火
20190726,专题,5 这些模拟经营佳作 你能玩上一天
20190726,爱健身,6 拿下第一个五公里
20190727,限时特惠,1 公主之路
20190727,专题,2 精选好游戏 周末畅快玩
20190727,释放创意,3 做个大艺术家
20190727,今日游戏,4 背质数表有什么用？
20190727,对话开发者,5 是父亲，也是开发者
20190727,生活解决方案,6 倒数 3、2、1
20190728,编辑最爱,1 本周新游推荐
20190728,指南,2 为视频自动添加字幕
20190728,进阶指南,3 了解《Procreate》 的进阶技巧
20190728,今日游戏,4 声之浪潮，光之轨迹
20190728,妙趣横生,5 欲罢不能的探索感
20190728,今日主题,6 编辑你的实况照片
20190729,故事,1 手绘旅行 (一) 插画师的“灵感食物”
20190729,大片入门,2 挑一份胶卷 拍一张照片
20190729,今日游戏,3 巧手打造梦想之家
20190729,指南,4 你的照片离完美只差这一步
20190729,限时特惠,5 童趣 App 限时优惠
20190729,脑洞大开,6 走路难吗？真的很难！
20190730,尝鲜,1 小兔子的乡愁悖论
20190730,创作历程,2 手绘旅行 (二） 捕捉岩壁的纹理
20190730,今日游戏,3 “消”出来的美味蛋糕
20190730,今日 App,4 每只小动物都有一颗蹦迪的心
20190730,专题,5 战个痛快
20190730,生活解决方案,6 不仅是记日子
20190731,编辑最爱,1 七月最佳
20190731,创作历程,2 手绘旅行 (三） 爱尔兰海岸风光
20190731,游戏文化,3 是疯子，还是天才？
20190731,生活解决方案,4 给你的 iPhone 来个“大扫除”
20190731,尝鲜,5 一飞冲天
20190731,学点新东西,6 生物密码
20190801,学点新东西,1 请郎朗给你上一堂 钢琴课
20190801,创作历程,2 手绘旅行 (四） 奇幻北爱尔兰
20190801,今日游戏,3 如果时间可以倒流
20190801,释放创意,4 音乐，就要随性玩！
20190801,脑洞大开,5 大搞破坏！
20190801,生活解决方案,6 熊帮手
20190802,APP × 文化,1 走近天才毕加索
20190802,创作历程,2 手绘旅行 (五） 温情北爱尔兰
20190802,生活解决方案,3 一直坐着 是件可怕的事
20190802,今日游戏,4 一只鸟能有多长？
20190802,专题,5 释放你的压力
20190802,生活解决方案,6 拿出 📱 测量一下
20190803,专题,1 精选好游戏 周末畅快玩
20190803,编辑最爱,2 感受石黑一雄的叙事魅力
20190803,入门,3 《Score! Hero》：书写你的绿茵传奇
20190803,今日游戏,4 是英雄，就勇敢向下冲！
20190803,游戏文化,5 但，什么是地狱边境？
20190803,今日主题,6 珍藏每个情感瞬间
20190804,编辑最爱,1 本周新游推荐
20190804,指南,2 旅途中再也不用 拖着行李逛街了
20190804,尝鲜,3 瑰雪黑阳
20190804,今日游戏,4 今日游戏
20190804,专题,5 在海滩上 🏖️
20190804,今日主题,6 “野生”表情贴纸
20190805,爱健身,1 健身上手指南 (一) 你需要的基础知识
20190805,游戏赏析,2 做甜点，环游世界
20190805,人气游戏,3 拉弓，放箭！
20190805,今日游戏,4 滚滚向前的冒险
20190805,游戏人生,5 工作使我快乐？！
20190805,今日主题,6 静心之旅
20190806,限时活动,1 度浪漫七夕，送情意好礼
20190806,爱健身,2 健身上手指南 (二) 学做标准俯卧撑
20190806,游戏文化,3 你以为斗法就只有搓火球？
20190806,今日游戏,4 勇者的极限竞速之旅
20190806,专题,5 疯狂的几何图形们
20190806,释放创意,6 如果我是 DJ
20190807,时下热门,1 相爱时的那些小事
20190807,游戏人生,2 早知道就去告白了
20190807,爱健身,3 健身上手指南 (三) 学做标准卷腹
20190807,脑洞大开,4 柔软、粘稠又易逝的心意
20190807,专题,5 战胜绝望
20190807,时下热门,6 深邃星空
20190808,主打推荐,1 从全世界呼啸而过
20190808,游戏赏析,2 来自屏幕深处的温度
20190808,爱健身,3 健身上手指南 (四) 学做标准仰卧划臂
20190808,生活解决方案,4 三个专注力锦囊
20190808,人气游戏,5 释放你的神奇力量
20190808,今日主题,6 去看一场 Live Show
20190809,重磅更新,1 心之怪盗团登场！
20190809,编辑最爱,2 找回跟老友聊天的快感
20190809,爱健身,3 健身上手指南 (五) 学做标准深蹲
20190809,今日游戏,4 蹦蹦跳跳，拯救世界
20190809,专题,5 海盗的故事
20190809,给小朋友,6 充实的暑假
20190810,时下热门,1 雕琢一千朵花
20190810,专题,2 精选好游戏 周末畅快玩
20190810,指南,3 怎么快速拼接 视频台词？
20190810,幕后花絮,4 这份礼物，献给爱音乐的你
20190810,今日游戏,5 破坏的艺术
20190810,给小朋友,6 系好安全带，出发咯！
20190811,编辑最爱,1 本周新游推荐
20190811,入门,2 在巴厘岛，拥抱海浪和阳光
20190811,今日游戏,3 徜徉百花之岛
20190811,今日 APP,4 掌上剪出专业级视频
20190811,游戏人生,5 在路上
20190811,今日主题,6 调整生物钟
20190812,游戏文化,1 欢迎来到幻想中的大江户
20190812,进阶指南,2 了解《概念画板》 的进阶技巧
20190812,指南,3 巧用 Apple Pencil 标注《PowerPoint》
20190812,今日游戏,4 蹦蹦跳跳，勇闯小岛
20190812,游戏美学,5 黑白世界
20190812,提高效率,6 会议进行中
20190813,对话开发者,1 关于“暖暖” 你知道和不知道的
20190813,游戏美学,2 弹跳的宇宙之光
20190813,今日游戏,3 换个角度消方块
20190813,APP × 文化,4 “看不懂”的现代艺术？
20190813,专题,5 节奏与旋律
20190813,提高效率,6 管理你的日程
20190814,时下热门,1 成为战场王牌
20190814,生活解决方案,2 要做图，却没有设计师？
20190814,今日游戏,3 双消可不比三消容易啊！
20190814,指南,4 简单几步，自制精彩旅行短片
20190814,AR 游戏,5 客厅里的 AR 游乐场
20190814,时下热门,6 拥抱夏日
20190815,游戏文化,1 避难所不拯救任何人
20190815,独立佳作,2 在美好的季节 种一颗星星
20190815,游戏赏析,3 荒芜世界中的孤独战斗
20190815,幕后花絮,4 金元足球的疯狂
20190815,游戏赏析,5 脊背发凉亦可消暑
20190815,生活解决方案,6 新手爸妈好帮手
20190816,游戏文化,1 怒鸟人人爱
20190816,编辑最爱,2 春宵苦短，抓紧时间谈恋爱啊！
20190816,尝鲜,3 萌猫陪你记录日常
20190816,今日游戏,4 换个角度，让美乍现
20190816,专题,5 在无尽的海洋中
20190816,给小朋友,6 奇趣动物园
20190817,游戏文化,1 史上最强龙套
20190817,专题,2 精选好游戏 周末畅快玩
20190817,生活解决方案,3 给你爱上做饭的 三个理由
20190817,游戏人生,4 青春、夏日、冒险
20190817,今日游戏,5 逃离死亡洞穴
20190817,生活解决方案,6 小巧精准的节拍器
20190818,全球首发,1 欢迎来到《妙趣动物园》
20190818,编辑最爱,2 本周新游推荐
20190818,指南,3 从视频中导出 高清图片
20190818,今日游戏,4 开拓你的伟大航路
20190818,游戏文化,5 “你来我往”的回合制游戏
20190818,今日主题,6 日历上写了什么？
20190819,游戏赏析,1 战斗吧，魔法少女
20190819,给小朋友,2 做一群讲逻辑的小怪兽
20190819,今日游戏,3 步步惊心地下城
20190819,游戏赏析,4 轮回诅咒的破魔之道
20190819,游戏美学,5 动人的游戏原声音乐 🎼
20190819,今日主题,6 远离尘嚣
20190820,对话开发者,1 “博士”是谁 你们都没猜对
20190820,生活解决方案,2 去旅行，带上它！
20190820,今日游戏,3 功夫小子闯天涯
20190820,游戏美学,4 山谷里的隐秘天堂
20190820,脑洞大开,5 超展开，神结尾！
20190820,提高效率,6 给制表高手
20190821,值得一看,1 烦恼是青春最初的模样
20190821,游戏人生,2 况我垂钓意 人鱼又兼忘
20190821,今日游戏,3 滑稽骑士异闻录
20190821,高手绝招,4 打造最强漫威英雄
20190821,编辑最爱,5 二次元集结！
20190821,生活解决方案,6 你新家的样子
20190822,进阶指南,1 乘风而行的奇遇之旅
20190822,APP 改变生活,2 还在来回传文档吗？
20190822,今日游戏,3 空战奇兵，以一当百
20190822,尝鲜,4 哦船长，来走格子吧
20190822,游戏人生,5 心跳的体验 💗
20190822,今日主题,6 你的虚拟化身
20190823,尝鲜,1 探魇猎巫
20190823,编辑最爱,2 用不沉默，打破黑箱
20190823,专题,3 动动手指，点出多彩世界
20190823,今日游戏,4 虚幻的乌托邦，勇者的试炼场
20190823,专题,5 挑战手速！
20190823,生活解决方案,6 听一听，学一学
20190824,尝鲜,1 如同前线指挥官一般主宰战场
20190824,专题,2 精选好游戏 周末畅快玩
20190824,探索 AR 世界,3 把吉他老师装进口袋
20190824,今日游戏,4 公主绝路逢生
20190824,生活解决方案,5 用《豆瓣》，做个观影和追剧达人
20190824,给小朋友,6 小小海盗
20190825,编辑最爱,1 本周新游推荐
20190825,指南,2 看不懂外文菜单怎么办？
20190825,今日游戏,3 越狱狂人
20190825,APP 改变生活,4 发现更自由的手帐乐趣
20190825,尝鲜,5 交互式电影
20190825,生活解决方案,6 生活小管家
20190826,游戏美学,1 美好骗局 视错觉的迷人世界
20190826,APP × 文化,2 事情太多，无从下手？
20190826,今日游戏,3 今日游戏
20190826,时下热门,4 敲地板真有那么好玩？
20190826,专题,5 极简风游戏
20190826,今日主题,6 提高效率，减少加班
20190827,尝鲜,1 用摩托挑战重力的极限
20190827,提高效率,2 像勾画草图 一样进行 CAD
20190827,APP × 文化,3 轻松玩转新加坡
20190827,今日游戏,4 黑 8 传奇
20190827,今日主题,5 找呀找呀找呀找
20190827,学点新东西,6 给钢琴初学者
20190828,高手绝招,1 书看完了却脑袋空空？
20190828,生活解决方案,2 再忙也能给自己做顿饭
20190828,今日游戏,3 你的手指会跳舞吗？ 超快的那种
20190828,今日 App,4 用六边形画出多彩世界
20190828,游戏美学,5 霓虹闪烁
20190828,学点新东西,6 陪你练口语
20190829,时下热门,1 唤醒所有勇士
20190829,重磅更新,2 罗德岛的假日大作战
20190829,今日游戏,3 来自姆明谷的邀请函
20190829,时下热门,4 星空、游侠和一条老狗
20190829,专题,5 末日幻想
20190829,生活解决方案,6 “它们去哪了？”
20190830,编辑最爱,1 儿时暗地较劲的朋友，你还好吗？
20190830,重磅更新,2 血骑士，解放毗湿奴之力
20190830,主打推荐,3 听照片讲述时光的故事
20190830,今日游戏,4 摇曳在惊涛骇浪中
20190830,今日主题,5 通勤良伴
20190830,生活解决方案,6 大小事，忘不了
20190831,编辑最爱,1 八月最佳
20190831,专题,2 精选好游戏 周末畅快玩
20190831,同步直播,3 直击世界杯篮球赛 🏀
20190831,为你科普,4 照片的常用宽高比，都是怎么来的？
20190831,今日游戏,5 今天也要充满干劲喵！
20190831,幕后花絮,6 梁文道与他的理想国
20190901,编辑最爱,1 本周新游推荐
20190901,指南,2 画条线，跟倾斜变形的照片说再见
20190901,今日游戏,3 特技摩托有多酷？
20190901,生活解决方案,4 送给学生的效率套装
20190901,游戏人生,5 奇妙都市
20190901,今日主题,6 准备开学啦！
20190902,主打推荐,1 《伊洛纳》里的一千种死法
20190902,进阶指南,2 我们如何查词典？
20190902,今日游戏,3 用记忆的碎片拼出希望
20190902,脑洞大开,4 我们都有拖延症
20190902,专题,5 我知道你在健身，可是……
20190902,时下热门,6 新学期，新习惯
20190903,进阶指南,1 这单词，我认识！
20190903,尝鲜,2 文字的力量
20190903,今日游戏,3 没有龙的地下城
20190903,人气游戏,4 畅行水陆空，换种方式过人生
20190903,专题,5 谁说长得可爱就不够强
20190903,爱健身,6 挥洒汗水 💦
20190904,专题,1 从 logo 到海报，自己全搞定
20190904,给小朋友,2 小朋友也能懂的人体解剖学
20190904,今日游戏,3 让恐惧肆意蔓延
20190904,人气游戏,4 乒乓！
20190904,尝鲜,5 缺乏耐心？再好不过了！
20190904,今日主题,6 打开脑洞，尽情创作
20190905,进阶指南,1 《Notability》为什么是笔记利器？
20190905,探索 AR 世界,2 太空就在那里，而我们将去探索
20190905,今日游戏,3 挂在岩壁上的勇士
20190905,时下热门,4 即便化为无形 我们也不会停下脚步
20190905,编辑最爱,5 王牌特工
20190905,学点新东西,6 Bonjour! Ciao! Hola!
20190906,时下热门,1 明亮欢乐的青春降妖冒险
20190906,编辑最爱,2 我们应该“跟着感觉走”吗？
20190906,今日游戏,3 城堡攻守之道
20190906,游戏美学,4 陪伴我的是山羊，牵挂我的在远方
20190906,人人都爱玩,5 试试看养点不一样的东西？
20190906,提高效率,6 做完了？打个勾！☑️
20190907,编辑最爱,1 聚焦时装周
20190907,专题,2 精选好游戏 周末畅快玩
20190907,独立佳作,3 在噩梦的迷宫中跳跃然后下坠
20190907,进阶指南,4 五分钟学外语
20190907,尝鲜,5 宫本武藏的轮回
20190907,脑洞大开,6 其实你是个超人 💥
20190908,编辑最爱,1 本周新游推荐
20190908,学点新东西,2 想学英语？先来聊会儿天吧
20190908,释放创意,3 其实“废片”也很美
20190908,今日游戏,4 你有“扭转”乾坤的神力吗？
20190908,人人都爱玩,5 仗剑江湖
20190908,爱健身,6 给综合训练新手
20190909,尝鲜,1 大闹克苏鲁地下城
20190909,指南,2 填满圆环，健康动力多一点
20190909,今日游戏,3 千里能源一线牵
20190909,今日 App,4 灵感来了随手画
20190909,专题,5 如果你喜欢日式 RPG
20190909,释放创意,6 如果你的镜头不止一个
20190910,时下热门,1 那些改变了你一生的老师
20190910,尝鲜,2 当虚拟角色舞起来的时候
20190910,今日游戏,3 我家小猫会爬树
20190910,释放创意,4 Moleskine 的双重生活
20190910,游戏人生,5 做一个勇敢的女战士
20190910,今日主题,6 寓教于乐创意多
20190911,尝鲜,1 一个骑士要跑多少步才能满身神装？
20190911,生活解决方案,2 把会员卡都“塞”进手机！
20190911,幕后花絮,3 借什么上九霄？
20190911,今日 App,4 听说你想做音乐？
20190911,时下热门,5 难到你手抖
20190911,提高效率,6 如果你不是非得去办公室办公
20190912,编辑最爱,1 一部拿命拍出来的纪录片
20190912,脑洞大开,2 点点点，成为真正的“造物主”！ 🧬
20190912,今日游戏,3 召唤奇兵，三线对决
20190912,今日 App,4 等着，回头就找你算账！
20190912,游戏美学,5 别具特色的中国风游戏
20190912,今日主题,6 🐰🐛🐱🐔🐦🐭🦕🐟
20190913,游戏人生,1 小兔子的乡愁悖论
20190913,APP × 文化,2 月是今日明
20190913,指南,3 好照片，让你的假期长一点
20190913,游戏美学,4 在风中相遇 在光中起舞
20190913,限时活动,5 精彩游戏 中秋特惠
20190913,爱健身,6 请个教练在家练
20190914,时下热门,1 开启你的战斗通行证
20190914,专题,2 精选好游戏 中秋畅快玩
20190914,学点新东西,3 为日常视频添加电影滤镜
20190914,今日 App,4 好狗狗，听镜头的话！
20190914,硬核玩家,5 致军事迷
20190914,给小朋友,6 小朋友的音乐会
20190915,编辑最爱,1 本周新游推荐
20190915,学点新东西,2 给你的 Vlog 加点“甜”
20190915,今日游戏,3 你有勇气直面真相吗？
20190915,释放创意,4 冰棍味的滤镜
20190915,妙趣横生,5 分量超足的游戏
20190915,生活解决方案,6 植物达人 🍃
20190916,时下热门,1 跃入超越想象的未来战场
20190916,释放创意,2 绘画的正确“姿势”
20190916,指南,3 开放式办公环境里，如何专注？
20190916,时下热门,4 兴趣使然的 英雄
20190916,专题,5 龙之幻想
20190916,今日主题,6 抓住夏天的尾巴
20190917,尝鲜,1 和她们一起守望海岸线
20190917,DIY,2 做道不会失败的拿手菜
20190917,今日游戏,3 化身超级英雄汤姆猫
20190917,今日 App,4 故障的镜头，另类的美
20190917,游戏赏析,5 来打牌吗？
20190917,学点新东西,6 “语”众不同
20190918,游戏人生,1 如果一只鸟 花一千四百年来怼人
20190918,幕后花絮,2 享受这场愉快的梦魇
20190918,今日 App,3 密码再多也不怕
20190918,爱健身,4 想练瑜伽，该从哪里开始？
20190918,游戏人生,5 医院和医生 🏥
20190918,释放创意,6 废片有救了
20190919,时下热门,1 少年少女再次相遇
20190919,指南,2 用手机拍照，如何让曝光恰到好处？
20190919,今日游戏,3 电脑致富经
20190919,深度故事,4 学编程，永远不晚
20190919,专题,5 真相大白
20190919,今日主题,6 作业写好了吗？
20190920,时下热门,1 你也喜欢《三国志》？
20190920,编辑最爱,2 看呐，这神仙鬼怪的爆笑日常
20190920,今日游戏,3 寻找沉睡的史前霸主
20190920,APP × 文化,4 在大阪邂逅过去和未来
20190920,专题,5 运筹帷幄，决胜群雄
20190920,学点新东西,6 轻松学数学
20190921,专题,1 精选好游戏 周末畅快玩
20190921,尝鲜,2 iOS 13 有哪些新功能？
20190921,编辑最爱,3 猫头鹰多儿成长史
20190921,今日游戏,4 冷酷世界的无尽战斗
20190921,尝鲜,5 狂野弹幕
20190921,今日主题,6 照片跟着节奏走
20190922,DIY,1 好吃无罪： 炸鸡
20190922,编辑最爱,2 本周新游推荐
20190922,今日 APP,3 你就是列文虎克？
20190922,游戏美学,4 点击解谜和迷人神话
20190922,今日主题,5 脑力大挑战
20190922,学点新东西,6 小朋友学外语
20190923,游戏人生,1 建造与创造
20190923,给小朋友,2 “刚刚好”的秋天来了
20190923,今日游戏,3 踩高跷有多难？
20190923,大片入门,4 用 RAW 格式拍照的好处
20190923,游戏人生,5 没有对白的好故事
20190923,学点新东西,6 随身音乐课堂
20190924,高手绝招,1 “猫神”教你玩 《王者荣耀》新英雄
20190924,妙趣横生,2 人人都想经营一家中世纪墓园
20190924,今日游戏,3 妖怪，吃我一剑！
20190924,APP 改变生活,4 日记还能怎么记？
20190924,游戏人生,5 表达爱意 ❤️
20190924,释放创意,6 构图不再难
20190925,今日游戏,1 人从众人从
20190925,APP × 文化,2 一位风光摄影师眼中的“华夏万象”
20190925,今日游戏,3 点点咖啡香
20190925,尝鲜,4 踏上这片梦幻大陆
20190925,妙趣横生,5 “运动对我来说太难了！”
20190925,生活解决方案,6 安置你的心事
20190926,玩起来,1 迷失在霓虹闪耀的街角
20190926,尝鲜,2 暗下来，让你眼前一亮
20190926,今日游戏,3 王牌战机升空！
20190926,给小朋友,4 带着猫咪去上学！
20190926,游戏美学,5 游戏视听盛宴
20190926,释放创意,6 独特艺术创作
20190927,编辑最爱,1 我的邻居是龙猫
20190927,尝鲜,2 “视”界如此美妙
20190927,今日游戏,3 理想人生，梦幻家园
20190927,生活解决方案,4 你试过这样呼吸吗？
20190927,人人都爱玩,5 简单又好玩！
20190927,今日主题,6 对自己的胃好一点
20190928,DIY,1 好吃无罪：奶茶
20190928,玩起来,2 连上主机手柄更好玩
20190928,对话开发者,3 硬盘里的谎言谜团
20190928,游戏文化,4 什么是“沙盒游戏”？
20190928,时下热门,5 篮筐上的激情
20190928,给小朋友,6 这是什么动物？
20190929,编辑最爱,1 本周新游推荐
20190929,入门,2 一切，举手可得
20190929,妙趣横生,3 主宰我的星球！
20190929,游戏人生,4 烙印、伤痕与爱
20190929,今日主题,5 游戏使人聪慧
20190929,今日主题,6 生活变游戏
20190930,编辑最爱,1 九月最佳
20190930,脑洞大开,2 看我七十二变
20190930,今日游戏,3 萌猫一窝端
20190930,游戏文化,4 动物世界的王权争霸
20190930,游戏人生,5 生存的法则
20190930,快速上手,6 运动新手简易指南
20191001,高手绝招,1 策划大神带你过 L1 驾照
20191001,专题,2 好游戏伴你欢度国庆长假
20191001,幕后花絮,3 从街机男孩到杰出游戏开发者
20191001,APP 改变生活,4 内心的小秘密，可以向这只萌熊倾诉
20191001,编辑最爱,5 十一玩什么：多彩丰富的角色扮演游戏
20191001,今日主题,6 大小孩子的旅途读伴
20191002,生活解决方案,1 再见，“标准”游客照
20191002,编辑最爱,2 七岁就能决定一生？
20191002,编辑最爱,3 十一玩什么：运筹帷幄的策略游戏
20191002,游戏文化,4 什么是偶像？
20191002,指南,5 天空王国入门指南
20191002,生活解决方案,6 持家有道
20191003,游戏文化,1 街机式的爽快闯关体验
20191003,释放创意,2 窗外沿途风景，可以是另一种模样
20191003,编辑最爱,3 十一玩什么：华丽爽快的动作游戏
20191003,游戏人生,4 你的手足，你的半身
20191003,给小朋友,5 健身养成术
20191003,释放创意,6 藏在镜头里的复古
20191004,指南,1 给人生减负，从衣橱开始
20191004,主打推荐,2 狂笑的少女和小丑
20191004,编辑最爱,3 十一玩什么：简单易上手的休闲游戏
20191004,生活解决方案,4 如果，你也有不太会拍照的朋友……😅
20191004,独立佳作,5 旋转，跳跃，然后打结
20191004,今日主题,6 你的称手工具箱
20191005,游戏文化,1 临兵斗者皆列阵前行
20191005,限时特惠,2 放假不忘充电： 精选 App 限时优惠
20191005,编辑最爱,3 十一玩什么：沉浸在动人的冒险故事中
20191005,尝鲜,4 世界就要毁灭了 而我想和你一起吃面包
20191005,名词揭秘,5 跨越时代的 8-bit 音乐
20191005,今日主题,6 秋天来啦！
20191006,对话开发者,1 你最喜欢的《NOMO》相机是？
20191006,独立佳作,2 绝美双重世界中跳跃前行
20191006,编辑最爱,3 十一玩什么：考验脑力和眼力的解谜游戏
20191006,脑洞大开,4 是餐厅使你感到饥饿
20191006,脑洞大开,5 柔软、粘稠又易逝的心意
20191006,学点新东西,6 随身音乐课堂
20191007,时下热门,1 在游戏里拍一张好照片
20191007,今日游戏,2 柴犬店长的可丽饼店
20191007,编辑最爱,3 十一玩什么：奇思妙想的小众独立游戏
20191007,游戏文化,4 梦和潜意识
20191007,指南,5 自制你的赛博朋克滤镜
20191007,时下热门,6 旅行七天，发图一年
20191008,尝鲜,1 钢铁浪漫！ 与大型机械共舞
20191008,给小朋友,2 数学课堂可以好看又好玩
20191008,今日主题,3 尽情换装
20191008,释放创意,4 “亲手做”的神奇魔力
20191008,妙趣横生,5 欲罢不能的探索感
20191008,今日主题,6 如果你也需要通勤
20191009,尝鲜,1 只想让你沉溺的电子音乐
20191009,尝鲜,2 修图界的武林高手
20191009,尝鲜,3 北欧风情
20191009,游戏美学,4 在纸上飞翔
20191009,专题,5 剑与魔法的世界
20191009,提高效率,6 回归节后日常
20191010,生活解决方案,1 滤镜难选？交给 AI！
20191010,APP 改变生活,2 在手机里翻《现代汉语词典》
20191010,幕后花絮,3 牛油果拯救世界
20191010,释放创意,4 喵星人表情包制作指南
20191010,今日主题,5 冲刺吧，弹珠！
20191010,学点新东西,6 一天一点新知
20191011,尝鲜,1 创造新世界
20191011,编辑最爱,2 世间温暖，皆是偶然
20191011,游戏人生,3 扬起帆！⛵️
20191011,大片入门,4 等等，让镜头“先吃”！
20191011,APP × 文化,5 让人抓狂的 bug，也有可爱之处啊
20191011,提高效率,6 习惯了 Markdown，你就回不去了
20191012,DIY,1 好吃无罪：甜点
20191012,专题,2 精选好游戏 周末畅快玩
20191012,时下热门,3 现在就读到诺奖作家的作品
20191012,进阶指南,4 了解《Paper》 的进阶技巧
20191012,今日游戏,5 恶灵，退散！
20191012,游戏人生,6 命运的抉择
20191013,预订开启,1 “来一局昆特牌吗？”
20191013,编辑最爱,2 本周新游推荐
20191013,APP × 文化,3 你不知道的紫禁城
20191013,人气游戏,4 急速飞驰
20191013,今日游戏,5 崛起一方，称霸天下
20191013,今日主题,6 小花小草和小朋友
20191014,尝鲜,1 死亡只是噩梦的开始
20191014,对话开发者,2 滤镜这么多，还是不够用？
20191014,APP × 文化,3 了解汉字的起源故事
20191014,今日游戏,4 今日游戏
20191014,游戏人生,5 游戏令人深思
20191014,今日主题,6 自拍小“心机”
20191015,今日游戏,1 看不见的游戏
20191015,时下热门,2 和方块熊一起背单词
20191015,高手绝招,3 通勤路上， “捡”一门新语言
20191015,时下热门,4 少年对抗世界
20191015,游戏美学,5 游戏视听盛宴
20191015,学点新东西,6 适时充充电
20191016,游戏文化,1 条条大路通罗马
20191016,大片入门,2 晴天阴天，你说了算
20191016,今日游戏,3 征服魔山靠三消
20191016,生活解决方案,4 好困，可是你真的没睡够吗？
20191016,专题,5 神秘沙漠世界
20191016,今日主题,6 偶遇佳句
20191017,脑洞大开,1 你家的猫会开战车吗？
20191017,大片入门,2 为什么别人碗里的饭比较香？
20191017,今日游戏,3 高尔夫，速度就是一切
20191017,今日 App,4 你还记得自己为什么拍了这张照片吗？
20191017,人气游戏,5 变身体坛巨星
20191017,今日主题,6 不如睡觉吧
20191018,游戏文化,1 再一次 前往云和山的彼端
20191018,值得一看,2 如果你能回到过去
20191018,今日游戏,3 马到成功
20191018,今日 App,4 认真记录，吃出更好体态
20191018,人气游戏,5 冒险与解谜
20191018,今日主题,6 标注重点，一目了然
20191019,主打推荐,1 诗与妖的画卷
20191019,专题,2 精选好游戏 周末畅快玩
20191019,对话开发者,3 谁定义了你在用的自拍滤镜？
20191019,指南,4 密码太多记不住？
20191019,专题,5 瞄准高手
20191019,提高效率,6 设计师的专业工具箱
20191020,游戏文化,1 你想成为 航海王吗？
20191020,编辑最爱,2 本周新游推荐
20191020,今日游戏,3 我们能否重新被想起？
20191020,指南,4 这不是一个无限循环的游戏！
20191020,人人都爱玩,5 人人都是英雄
20191020,今日主题,6 “音痴”拯救计划
20191021,幕后花絮,1 那些采集声音的人
20191021,APP × 文化,2 用快门留住闲暇时刻
20191021,今日游戏,3 打打牌，种种田
20191021,指南,4 水面倒影拍摄指南
20191021,游戏美学,5 独特的美术风格
20191021,学点新东西,6 “沉甸甸”的经典词典
20191022,重磅更新,1 自走棋进入新时代
20191022,学点新东西,2 你是个有逻辑的人吗？
20191022,主打推荐,3 提高爸爸“出镜率”
20191022,玩起来,4 战海怪、寻宝、开拓航线，当然还有垂钓
20191022,尝鲜,5 时间旅行
20191022,释放创意,6 我就是偏爱手写 ✍🏻
20191023,进阶指南,1 了解《Shapr3D》 的进阶技巧
20191023,尝鲜,2 漂流于闪耀星河中
20191023,今日游戏,3 翻滚吧，水果君！
20191023,人气游戏,4 极限运动的魅力
20191023,人气游戏,5 卡通角色大冒险
20191023,生活解决方案,6 给新手爸妈
20191024,游戏文化,1 亚山重现
20191024,重磅更新,2 试炼开启，双子降临
20191024,指南,3 茫茫夜空中，你属于哪里？
20191024,今日游戏,4 小心背后！
20191024,人人都爱玩,5 简单又好玩！
20191024,爱健身,6 ⌚️ 轻松闭环
20191025,时下热门,1 战歌奏响！ 就在银河尽头
20191025,编辑最爱,2 第一夫人的传奇人生
20191025,幕后花絮,3 给我一个脑洞，我能让奶牛耍单杠
20191025,释放创意,4 做个大艺术家
20191025,妙趣横生,5 角色扮演游戏中的别样人生
20191025,为 APPLE WATCH 优化,6 用它们定制你的表盘
20191026,时下热门,1 零操作，却让你乐此不疲
20191026,专题,2 精选好游戏 周末畅快玩
20191026,今日游戏,3 重返淘金时代
20191026,进阶指南,4 了解《Procreate》 的进阶技巧
20191026,专题,5 三国游戏
20191026,今日主题,6 这些可爱的生活助手
20191027,值得一看,1 猫狗双全才是人生巅峰
20191027,编辑最爱,2 本周新游推荐
20191027,进阶指南,3 镜头下的蔚蓝海域
20191027,人人都爱玩,4 玩游戏真的能学会做饭吗？
20191027,人气游戏,5 甜蜜消除
20191027,提高效率,6 ⌚️ 手腕上的助手
20191028,主打推荐,1 城堡突围 重要的是朋友
20191028,重磅更新,2 开直升机才是庆祝万圣节的最好方式
20191028,一起玩,3 下课一起玩！
20191028,今日游戏,4 巧手打造梦想之家
20191028,大片入门,5 挑一份胶卷 拍一张照片
20191028,生活解决方案,6 一个人在路上
20191029,独立佳作,1 推箱子的少女和两个世界的谜团
20191029,学点新东西,2 摄影，如何从放弃到入门？
20191029,AR 游戏,3 客厅里的 AR 游乐场
20191029,今日 APP,4 摇晃有惊喜！
20191029,游戏文化,5 是疯子，还是天才？
20191029,为 APPLE WATCH 优化,6 ⌚️ 重要消息抬手看
20191030,多人竞技,1 昆特牌来了！
20191030,生活解决方案,2 这款图像标注工具，好用又好玩
20191030,玩起来,3 不单纯只是三消
20191030,今日游戏,4 一颗彗星的旅程
20191030,APP × 文化,5 走近天才毕加索
20191030,主打推荐,6 给金庸迷
20191031,编辑最爱,1 十月最佳
20191031,APP × 文化,2 ASMR 到底是什么？
20191031,专题,3 关灯玩，更刺激
20191031,今日游戏,"4 ""纠结""的贪吃蛇"
20191031,玩起来,5 做甜点，环游世界
20191031,生活解决方案,6 秋日野餐趣
20191101,时下热门,1 道士与狐妖的万水千山
20191101,编辑最爱,2 我跟你讲道理， 你可别哭啊！
20191101,游戏美学,3 换个“角度”解谜
20191101,今日游戏,4 翻转方块，转换心情
20191101,今日 App,5 每只小动物都有一颗蹦迪的心
20191101,时下热门,6 秋日暖“装”
20191102,APP × 文化,1 在 Live House 沉浸于现场音乐中
20191102,专题,2 精选好游戏 周末畅快玩
20191102,游戏文化,3 口袋桌游室
20191102,今日游戏,4 壮烈三人行
20191102,入门,5 《Score! Hero》：书写你的绿茵传奇
20191102,释放创意,6 冉冉流年秋镜里
20191103,编辑最爱,1 本周新游推荐
20191103,给小朋友,2 先别给孩子报钢琴课
20191103,玩起来,3 本周值得关注的 游戏更新
20191103,指南,4 阳光，泳池，大水花
20191103,玩起来,5 来自屏幕深处的温度
20191103,释放创意,6 海报？我自己也会做！
20191104,游戏文化,1 时间旅行与平行宇宙
20191104,指南,2 元气满满，其实没那么难
20191104,专题,3 热血沸腾的动作游戏
20191104,今日游戏,4 魔幻战场，屹立称王
20191104,幕后花絮,5 这份礼物，献给爱音乐的你
20191104,生活解决方案,6 ⌚️ 昨晚睡得如何？
20191105,游戏文化,1 小心我“消”你
20191105,脑洞大开,2 时空扭曲，名人乱斗！
20191105,专题,3 考验策略的塔防游戏
20191105,APP × 文化,4 五个字母，组成幸福的密码
20191105,今日游戏,5 勇者的极限竞速之旅
20191105,提高效率,6 让你的演讲与众不同
20191106,主打推荐,1 从古希腊一路砍到大秦
20191106,重磅更新,2 那个光头又回来了！
20191106,专题,3 充满怀旧感的平台跳跃游戏
20191106,爱健身,4 健身上手指南： 你需要的基础知识
20191106,今日游戏,5 滚滚向前的冒险
20191106,今日主题,6 大人也爱玩的儿童 App
20191107,主打推荐,1 好看又好玩的《斩兽之刃》
20191107,重磅更新,2 繁华幻境中的狐神传说
20191107,专题,3 与众不同的冒险游戏
20191107,爱健身,4 健身上手指南： 学做标准俯卧撑
20191107,时下热门,5 相爱时的那些小事
20191107,释放创意,6 小而精的修片好手
20191108,时下热门,1 是战斗力只有 5 的渣还是 10000 亿战斗力的超级赛亚人
20191108,编辑最爱,2 从书名开始 一个字也别信
20191108,游戏文化,3 合成大作战
20191108,今日游戏,4 用想象力指挥积木
20191108,爱健身,5 健身上手指南： 学做标准卷腹
20191108,今日主题,6 化身超级英雄
20191109,游戏人生,1 从小兵到王侯 这也是你的故事
20191109,专题,2 精选好游戏 周末畅快玩
20191109,游戏文化,3 一边打牌，一边构筑卡组
20191109,今日游戏,4 遁地有方
20191109,爱健身,5 健身上手指南： 学做标准仰卧划臂
20191109,释放创意,6 🎥 我爱短视频
20191110,编辑最爱,1 本周新游推荐
20191110,指南,2 成为昆特牌大师的第一步
20191110,玩起来,3 本周值得关注的 游戏更新
20191110,APP × 文化,4 巴厘岛：这里不止有海浪沙滩
20191110,爱健身,5 健身上手指南： 学做标准深蹲
20191110,生活解决方案,6 如果你有个室友
20191111,专题,1 单身，也要度过一个甜蜜的 11.11
20191111,值得一看,2 啊，单身真好！
20191111,限时特惠,3 人气游戏 11.11 特别礼包
20191111,游戏人生,4 早知道就去告白了
20191111,限时特惠,5 精彩游戏限时折扣
20191111,时下热门,6 精选 App 限时优惠
20191112,对话开发者,1 我做的事就好比在现实中玩《游戏发展国》
20191112,独立佳作,2 千刃合一剑！
20191112,游戏文化,3 跳跃！
20191112,今日游戏,4 一路向下，坠入云端
20191112,今日 APP,5 掌上剪出专业级视频
20191112,生活解决方案,6 你的随身帮厨 ⌚️
20191113,游戏人生,1 观察人类也太开心了吧
20191113,尝鲜,2 烧脑而美妙的纹样世界
20191113,游戏人生,3 满足你的收集欲
20191113,今日游戏,4 今日游戏
20191113,进阶指南,5 了解《概念画板》 的进阶技巧
20191113,为 APPLE WATCH 优化,6 随手开始，随时暂停
20191114,游戏文化,1 金字塔到底是不是外星人建的？
20191114,APP × 文化,2 游戏治愈心灵
20191114,专题,3 如果你喜欢日式 RPG
20191114,今日游戏,4 蹦蹦跳跳，拯救世界
20191114,生活解决方案,5 要做图，却没有设计师？
20191114,今日主题,6 它们在 Mac 上也能用！
20191115,玩起来,1 从现在起，采药捕猎，周游世界
20191115,给小朋友,2 让孩子爱上英文阅读的好方法
20191115,人人都爱玩,3 归园田居
20191115,今日游戏,4 为了财富和荣耀！
20191115,尝鲜,5 萌猫陪你记录日常
20191115,生活解决方案,6 轻轻一点，相册不乱
20191116,时下热门,1 花与剑与你
20191116,专题,2 精选好游戏 周末畅快玩
20191116,专题,3 这些模拟经营佳作 你能玩上一天
20191116,今日游戏,4 收服珍兽，热血冒险
20191116,生活解决方案,5 给你爱上做饭的 三个理由
20191116,学点新东西,6 给日语学习者
20191117,编辑最爱,1 职场失意逆袭 终成救世摇滚巨星
20191117,编辑最爱,2 本周新游推荐
20191117,玩起来,3 本周值得关注的 游戏更新
20191117,今日游戏,4 葡萄谷的浪漫故事
20191117,APP 改变生活,5 人生第一场马拉松
20191117,生活解决方案,6 鞋比三家
20191118,游戏人生,1 妻子发疯，女儿变异，而我仍然是一具乐观的骷髅
20191118,尝鲜,2 想要纯正的武侠味儿？
20191118,今日主题,3 通勤良伴
20191118,今日游戏,4 柴犬英雄，出击！
20191118,游戏文化,5 避难所不拯救任何人
20191118,尝鲜,6 你那里几点了？
20191119,预订开启,1 为什么这些人打架也能这么好看？
20191119,生活解决方案,2 冥想就非得要“打坐”吗？
20191119,人气游戏,3 急速飞驰
20191119,今日游戏,4 今日游戏
20191119,独立佳作,5 在美好的季节 种一颗星星
20191119,生活解决方案,6 聪明的镜头
20191120,妙趣横生,1 拯救世界也可以不那么复杂
20191120,游戏文化,2 来见见孙悟空的“大哥”
20191120,游戏人生,3 心跳的体验 💗
20191120,玩起来,4 没有“目标”的游戏
20191120,给小朋友,5 做一群讲逻辑的小怪兽
20191120,生活解决方案,6 鸡蛋用完了？
20191121,尝鲜,1 剑与魔法与蒸汽机器人
20191121,多人竞技,2 单手就能玩 三分钟爽快对战
20191121,人气游戏,3 变身体坛巨星
20191121,今日游戏,4 小孩子才玩碰碰车
20191121,生活解决方案,5 去旅行，带上它！
20191121,爱健身,6 练出二头肌 💪
20191122,APP × 文化,1 冰雪女王的“改邪归正”之路
20191122,游戏美学,2 被虚空吞噬的爱
20191122,编辑最爱,3 考验脑力和眼力的解谜游戏
20191122,指南,4 简单几步，自制精彩旅行短片
20191122,值得一看,5 烦恼是青春最初的模样
20191122,释放创意,6 那些强大的合成器
20191123,书籍改编,1 刘慈欣：小说不是用来传达理念的，我只想讲个震撼的故事
20191123,专题,2 精选好游戏 周末畅快玩
20191123,编辑最爱,3 把时间拉向自己这边
20191123,编辑最爱,4 危险之路：我走过，我征服
20191123,提高效率,5 帮你听帮你写的笔记本
20191123,APP 改变生活,6 还在来回传文档吗？
20191124,编辑最爱,1 本周新游推荐
20191124,给小朋友,2 当龙卷风拿西瓜做颜料
20191124,玩起来,3 本周值得关注的游戏更新
20191124,今日游戏,4 人类是病毒，而你是解药
20191124,尝鲜,5 探魇猎巫
20191124,释放创意,6 捕捉夜色
20191125,生活解决方案,1 “零垃圾”生活指南
20191125,游戏文化,2 不断进化的塔防游戏
20191125,游戏美学,3 别具特色的中国风游戏
20191125,尝鲜,4 新时代学霸的课堂“神器”
20191125,游戏美学,5 美好骗局 视错觉的迷人世界
20191125,时下热门,6 呼吸吐纳心自在
20191126,指南,1 Vlog 拍摄新手指南
20191126,学点新东西,2 一步一步教你学会画猫，不跳步骤的那种
20191126,硬核玩家,3 致军事迷
20191126,今日 App,4 给每一天加上有趣的“脚注”
20191126,生活解决方案,5 再忙也能给自己做顿饭
20191126,学点新东西,6 陪你练口语
20191127,生活解决方案,1 小心，别被焦虑骗了
20191127,主打推荐,2 萌而有力的千军万马
20191127,编辑最爱,3 二次元集结！
20191127,今日游戏,4 黑 8 传奇
20191127,尝鲜,5 唤醒所有勇士
20191127,爱健身,6 早起来锻炼！
20191128,编辑最爱,1 我不是神农架野人，我是川金丝猴
20191128,幕后花絮,2 维京精神，就是勇于开拓
20191128,脑洞大开,3 释放你的压力！
20191128,今日游戏,4 以眼还眼
20191128,尝鲜,5 用摩托挑战重力的极限
20191128,生活解决方案,6 孩子，这道题我也不会做……
20191129,尝鲜,1 以女神之名开始欢乐悠闲的冒险
20191129,给小朋友,2 一边环游世界，一边学数学
20191129,妙趣横生,3 爽快游戏！
20191129,今日游戏,4 妖怪，吃我一剑！
20191129,高手绝招,5 书看完了却脑袋空空？
20191129,时下热门,6 年底冲一把
20191130,编辑最爱,1 十一月最佳
20191130,专题,2 精选好游戏 周末畅快玩
20191130,游戏文化,3 如果你喜欢科幻
20191130,今日游戏,4 穿梭于子弹激流之间
20191130,主打推荐,5 听照片讲述时光的故事
20191130,释放创意,6 轻松出好片
20191201,值得一看,1 年底“比惨”大会
20191201,编辑最爱,2 本周新游推荐
20191201,玩起来,3 本周值得关注的游戏更新
20191201,今日游戏,4 爱“拼”才会赢
20191201,为你科普,5 照片的常用宽高比，都是怎么来的？
20191201,生活解决方案,6 “省”财有道
20191202,游戏人生,1 “远方”是你 舍不得到达的地方
20191202,给小朋友,2 爸爸，长大我要当警察！
20191202,妙趣横生,3 来一波华丽的连招
20191202,今日游戏,4 井中自有黄金屋
20191202,今日 App,5 用六边形画出多彩世界
20191202,时下热门,6 知冷知暖 🧣
20191203,游戏文化,1 近战法师的纯粹力量
20191203,游戏文化,2 动物世界的王权争霸
20191203,游戏文化,3 来一次模拟跑团
20191203,DIY,4 好吃无罪： 炸鸡
20191203,DIY,5 好吃无罪：奶茶
20191203,DIY,6 好吃无罪：甜点
20191204,年度游戏,1 光·遇
20191204,年度 APP,2 Spectre 相机
20191204,游戏年度趋势,3 经典新生
20191204,APP 年度趋势,4 故事由你讲述
20191204,专题,5 时下热门游戏
20191204,专题,6 时下热门 App
20191205,2019 年度精选,1 2019 年度精选 App 和游戏
20191205,编辑的话,2 年度故事精选
20191205,年度游戏,3 光·遇
20191205,年度 APP,4 Spectre 相机
20191205,编辑精选,5 精选贴纸
20191205,编辑精选,6 精选 Apple Watch App
20191206,多人竞技,1 “我想打篮球，因为我是一个篮球手！”
20191206,对话开发者,2 爱猫，也是一种职业
20191206,尝鲜,3 狂野弹幕
20191206,今日游戏,4 文字的力量
20191206,尝鲜,5 文字的力量
20191206,提高效率,6 长得不像 🍅 的番茄钟
20191207,主打推荐,1 妖怪打牌，打妖怪牌
20191207,电子竞技,2 《影之诗》世界大赛预热开始
20191207,专题,3 精选好游戏 周末畅快玩
20191207,今日游戏,4 小小时装搭配师
20191207,专题,5 从 logo 到海报，自己全搞定
20191207,生活解决方案,6 极简设计 App
20191208,编辑最爱,1 本周新游推荐
20191208,值得一看,2 适合深夜观看的走心综艺
20191208,玩起来,3 本周值得关注的游戏更新
20191208,今日 App,4 为手绘卡通画注入“灵魂”
20191208,给小朋友,5 小朋友也能懂的人体解剖学
20191208,释放创意,6 带上它们去夜拍
20191209,主打推荐,1 触碰废墟中的闪光未来
20191209,专题,2 她的一天
20191209,游戏美学,3 游戏视听盛宴
20191209,今日游戏,4 让恐惧肆意蔓延
20191209,今日 App,5 打开乐谱的正确方式
20191209,生活解决方案,6 备战四六级
20191210,时下热门,1 谁会不想成为猎人呢？
20191210,APP × 文化,2 学钢琴，什么时候都不晚
20191210,今日主题,3 脑力大挑战
20191210,今日游戏,4 抢修 3D 电路
20191210,尝鲜,5 明亮欢乐的青春降妖冒险
20191210,提高效率,6 认真做学术
20191211,APP × 文化,1 “听不懂”音乐会，也能欣赏音乐
20191211,重磅更新,2 决战波士顿
20191211,人人都爱玩,3 仗剑江湖
20191211,今日游戏,4 猫咪神偷重出江湖
20191211,游戏美学,5 陪伴我的是山羊，牵挂我的在远方
20191211,大片入门,6 编辑你的 RAW 格式照片
20191212,游戏文化,1 神秘、恐怖但时髦
20191212,幕后花絮,2 可爱的胖鸟们，十岁了！
20191212,今日主题,3 成为烹饪高手
20191212,对话开发者,4 从绿茵王牌到游戏开发者
20191212,独立佳作,5 在噩梦的迷宫中跳跃然后下坠
20191212,释放创意,6 大片随手拍 🎬
20191213,编辑最爱,1 没上过学的人生，你想象过吗？
20191213,限时活动,2 遇见你的心情 就像雪后的晴天
20191213,今日主题,3 一杆进洞⛳️
20191213,今日游戏,4 不逍遥的骑士
20191213,学点新东西,5 给你的 Vlog 加点“甜”
20191213,今日主题,6 简历常更新 📃
20191214,主打推荐,1 “梦幻西游”的 3D 版是什么样的？
20191214,专题,2 精选好游戏 周末畅快玩
20191214,生活解决方案,3 情绪急救音乐箱
20191214,今日游戏,4 圆点背后，暗藏玄机
20191214,今日 App,5 等着，回头就找你算账！
20191214,今日主题,6 养成好习惯
20191215,编辑最爱,1 本周新游推荐
20191215,进阶指南,2 了解《Procreate》 的进阶技巧
20191215,玩起来,3 本周值得关注的游戏更新
20191215,今日游戏,4 “马”不停蹄
20191215,生活解决方案,5 把会员卡都“塞”进手机！
20191215,爱健身,6 来试试自重训练
20191216,人人都爱玩,1 是电影，也是游戏
20191216,游戏文化,2 口袋桌游室
20191216,人气游戏,3 飞行员请登机
20191216,今日游戏,4 诅咒的真相，就在你眼前
20191216,今日 APP,5 “玩”出你的节拍
20191216,生活解决方案,6 有条有理的生活
20191217,编辑最爱,1 严肃点！我们在玩《企鹅岛》
20191217,玩起来,2 来打牌吗？
20191217,给小朋友,3 来到口语城，趣味学英语
20191217,今日 APP,4 先做该做的事
20191217,尝鲜,5 一个骑士要跑多少步才能满身神装？
20191217,释放创意,6 做与众不同的短视频
20191218,游戏文化,1 古老庄园的诡异来信
20191218,妙趣横生,2 角色扮演游戏中的别样人生
20191218,游戏文化,3 在随机地牢中构筑卡组的乐趣
20191218,今日 APP,4 闭上双眼，听见全世界
20191218,妙趣横生,5 人人都想经营一家中世纪墓园
20191218,生活解决方案,6 欢迎大家来作客
20191219,时下热门,1 在华山派，你是个卧底
20191219,游戏文化,2 独特的放置游戏
20191219,指南,3 抬起手腕就“充电”☕️
20191219,今日 App,4 坚持记账好难？
20191219,尝鲜,5 大闹克苏鲁地下城
20191219,提高效率,6 给上班特“困”生
20191220,编辑最爱,1 是狼却偏偏爱上兔子
20191220,重磅更新,2 王重阳到底有多强？
20191220,游戏文化,3 找到关键，解开谜题
20191220,今日 App,4 森林里的小医生
20191220,幕后花絮,5 借什么上九霄？
20191220,APP 改变生活,6 从想法到 App
20191221,游戏人生,1 如此深爱，却无法拥你入怀
20191221,专题,2 精选好游戏 周末畅快玩
20191221,给小朋友,3 怎么玩都好听的音乐玩具
20191221,今日 App,4 帮小狐狸重建家园
20191221,脑洞大开,5 点点点，成为真正的“造物主”！ 🧬
20191221,生活解决方案,6 量化自我
20191222,编辑最爱,1 2019 本土优秀 App 盘点
20191222,编辑最爱,2 本周新游推荐
20191222,玩起来,3 本周值得关注的游戏更新
20191222,给小朋友,4 冬天来了，要藏好哦！
20191222,今日 App,5 灵感来了随手画
20191222,游戏文化,6 钢铁浪漫
20191223,编辑最爱,1 2019 本土优秀游戏 盘点
20191223,尝鲜,2 在时空隧道中穿越过去与未来
20191223,生活解决方案,3 不跑照相馆，快速搞定证件照
20191223,今日 App,4 你今天过得好吗？
20191223,释放创意,5 绘画的正确“姿势”
20191223,尝鲜,6 对焦就能拍，拍完不用改
20191224,编辑最爱,1 2019 本土优秀游戏： 小团队创造大乐趣
20191224,脑洞大开,2 工作使我快乐？！
20191224,故事,3 他用一生完成了 15 岁写的 127 个目标
20191224,爱健身,4 走路是我最擅长的运动
20191224,游戏人生,5 建造与创造
20191224,今日主题,6 小朋友做实验
20191225,释放创意,1 从下不去笔到停不下来
20191225,专题,2 本土游戏佳作
20191225,限时特惠,3 好游戏伴你欢度圣诞 🎁
20191225,今日游戏,4 踩高跷有多难？
20191225,指南,5 “坏”天气拍照指南
20191225,今日主题,6 来自南极的朋友们 🐧
20191226,2019 年度精选,1 2019 年度精选 App 和游戏
20191226,值得一看,2 播了 20 年，好戏才刚刚开始
20191226,今日主题,3 那些动人的故事
20191226,今日游戏,4 你有勇气直面真相吗？
20191226,今日 App,5 想成为平面设计师吗？
20191226,时下热门,6 预订年底行程
20191227,游戏年度趋势,1 经典新生
20191227,玩起来,2 本周值得关注的游戏更新
20191227,尝鲜,3 要简便或个性，这家摄影老店都能满足你
20191227,今日 APP,4 做视频，可以多优雅？
20191227,APP × 文化,5 一位风光摄影师眼中的“华夏万象”
20191227,今日主题,6 加班好助手
20191228,APP 年度趋势,1 故事由你讲述
20191228,专题,2 精选好游戏 周末畅快玩
20191228,给小朋友,3 早教启蒙，巧虎帮你
20191228,APP × 文化,4 悉尼旅游指南
20191228,今日游戏,5 点点咖啡香
20191228,今日主题,6 这些肥肥圆圆的萌物 🐼
20191229,编辑的话,1 年度故事精选
20191229,编辑最爱,2 本周新游推荐
20191229,游戏美学,3 音乐就是白色的圆形！
20191229,今日游戏,4 王牌战机升空！
20191229,今日 App,5 屏幕一亮，细嗅艺术芬芳
20191229,学点新东西,6 陪你学音乐
20191230,主打推荐,1 App 里的一年之最
20191230,编辑最爱,2 王牌特工
20191230,释放创意,3 当一张照片与另一张相逢
20191230,今日 App,4 快乐启蒙
20191230,对话开发者,5 硬盘里的谎言谜团
20191230,今日主题,6 好图配好框
20191231,编辑最爱,1 十二月最佳
20191231,专题,2 如果你喜欢日式 RPG
20191231,今日游戏,3 消出你的专“鼠”家园
20191231,DIY,4 好吃无罪：奶茶
20191231,妙趣横生,5 主宰我的星球！
20191231,今日主题,6 跨年啦！
20200101,原创漫画,1 新年第一天
20200101,一起玩,2 新年也要一起玩！
20200101,今日 APP,3 每日与故宫珍品相遇
20200101,今日游戏,4 当我们在谈论足球时，我们在谈论什么
20200101,游戏文化,5 街机式的爽快闯关体验
20200101,新年新气象,6 新的一年，关爱自己
20200102,编辑最爱,1 我是一名刺客，最擅长剪空气刘海
20200102,今日主题,2 动物也很忙
20200102,今日游戏,3 爱意满满的一餐
20200102,今日 App,4 你的照片会发光
20200102,释放创意,5 窗外沿途风景，可以是另一种模样
20200102,今日主题,6 精彩视频轻松做
20200103,游戏人生,1 再给我一次机会就能打败魔王！
20200103,玩起来,2 本周值得关注的游戏更新
20200103,今日游戏,3 玩纸牌，盖高楼
20200103,DIY,4 好吃无罪： 炸鸡
20200103,指南,5 给人生减负，从衣橱开始
20200103,今日主题,6 换个姿势学数学
20200104,指南,1 给自己设计一条小黑裙
20200104,专题,2 精选好游戏 周末畅快玩
20200104,今日游戏,3 发明猫语翻译器有多难？
20200104,今日 App,4 是“噪音”，也是“乐音”
20200104,主打推荐,5 狂笑的少女和小丑
20200104,时下热门,6 期待一场雪
20200105,游戏文化,1 什么是文字冒险游戏？
20200105,编辑最爱,2 本周新游推荐
20200105,今日游戏,3 旋转！冲刺！穿越致命空间
20200105,今日 App,4 如何优雅地记笔记
20200105,游戏文化,5 临兵斗者皆列阵前行
20200105,爱健身,6 冬天也要好好锻炼啊！
20200106,指南,1 想成为《爱彼迎》的超赞房东？
20200106,人气游戏,2 你不可错过的塔防游戏
20200106,指南,3 制作流动的大片
20200106,今日游戏,4 踏上星际征途，保卫宇宙和平！
20200106,尝鲜,5 死亡只是噩梦的开始
20200106,给小朋友,6 小家伙， 请戴好安全帽！
20200107,编辑最爱,1 金智英的故事，也是无数女性的故事
20200107,尝鲜,2 富有挑战性的战棋游戏
20200107,生活解决方案,3 办公桌改造计划
20200107,今日 APP,4 钻出关卡，快快长大
20200107,独立佳作,5 绝美双重世界中跳跃前行
20200107,今日主题,6 珍藏情感瞬间
20200108,主打推荐,1 挂机砍怪，佛系闯关
20200108,编辑最爱,2 多彩丰富的角色扮演游戏
20200108,今日游戏,3 “@!#?@!”
20200108,今日 APP,4 这里不怕乱涂乱画
20200108,时下热门,5 在游戏里拍一张好照片
20200108,学点新东西,6 一天一点新知
20200109,新版上线,1 《王者荣耀》新年重大更新
20200109,游戏文化,2 跳跃！
20200109,今日游戏,3 理想人生，梦幻家园
20200109,今日 App,4 极简书写，随时记录
20200109,对话开发者,5 滤镜这么多，还是不够用？
20200109,给小朋友,6 小小美食家
20200110,游戏人生,1 开一间理想的咖啡厅
20200110,玩起来,2 本周值得关注的游戏更新
20200110,今日游戏,3 人从众人从
20200110,今日主题,4 游戏使人聪慧
20200110,给小朋友,5 数学课堂可以好看又好玩
20200110,今日主题,6 自拍小“心机”
20200111,编辑最爱,1 伴着弹幕看《哈利·波特》
20200111,专题,2 精选好游戏 周末畅快玩
20200111,今日游戏,3 造桥专家还是“塌桥公司”？
20200111,生活解决方案,4 滤镜难选？交给 人工智能
20200111,APP 改变生活,5 在手机里翻《现代汉语词典》
20200111,今日主题,6 偶遇佳句
20200112,时下热门,1 不劳而获的乐趣 与“被需要”的生活
20200112,编辑最爱,2 本周新游推荐
20200112,今日 App,3 黑白键上的摇滚风范
20200112,尝鲜,4 只想让你沉溺的电子音乐
20200112,幕后花絮,5 牛油果拯救世界
20200112,今日主题,6 不如睡觉吧
20200113,官方 APP,1 从此入坑漫威漫画
20200113,编辑最爱,2 华丽爽快的动作游戏
20200113,对话开发者,3 我喜欢让什么事都有趣一点
20200113,玩起来,4 和方块熊一起背单词
20200113,今日游戏,5 看不见的游戏
20200113,爱健身,6 如果你爱玩 HIIT
20200114,释放创意,1 你的创意无法阻挡
20200114,编辑最爱,2 周二游戏精选： 简单易上手的休闲游戏
20200114,进阶技巧,3 家装达人的设计秘诀
20200114,游戏文化,4 条条大路通罗马
20200114,大片入门,5 晴天阴天，你说了算
20200114,提高效率,6 给建筑设计师
20200115,大片入门,1 不必手忙脚乱，就能拍出恰好的风光
20200115,人人都爱玩,2 周三游戏精选： 欢乐竞速 🏎️
20200115,APP × 文化,3 好逛好吃在曼谷
20200115,今日 App,4 你还记得自己为什么拍了这张照片吗？
20200115,游戏文化,5 再一次 前往云和山的彼端
20200115,释放创意,6 这是张动图？！
20200116,全球首发,1 好美的世界！咦我怎么死了？
20200116,玩起来,2 周四游戏精选： 动感十足的音乐游戏
20200116,对话开发者,3 没器材，照样玩音乐
20200116,今日游戏,4 恶灵，退散！
20200116,今日 App,5 认真记录，吃出更好体态
20200116,学点新东西,6 轻松学数学
20200117,共贺新春,1 你和你的年
20200117,玩起来,2 崩坏世界中的爽快大战
20200117,主打推荐,3 不灭的少年之心
20200117,进阶指南,4 了解《Shapr3D》 的进阶技巧
20200117,妙趣横生,5 来打牌吗？
20200117,今日主题,6 进入空灵禅境
20200118,值得一看,1 春节影单：全家一起看什么？
20200118,主打推荐,2 今年，在大都市里过个年
20200118,专题,3 精选好游戏 周末畅快玩
20200118,今日游戏,4 翻滚吧，水果君！
20200118,尝鲜,5 漂流于闪耀星河中
20200119,值得一看,1 春节影单：亲子时光，好片相伴
20200119,人气游戏,2 《开心消消乐》里你不知道的 X 个秘密
20200119,APP × 文化,3 春节晒图，怎么才能更出众？
20200119,游戏人生,4 末世饥荒中的一餐，谁吃谁挨饿？
20200119,时下热门,5 开放世界大冒险
20200119,今日主题,6 教身边的老外学汉语
20200120,游戏文化,1 小红帽鞭炮炸年兽
20200120,APP × 文化,2 记录你家的口述历史
20200120,值得一看,3 春节影单：爱情，不只有甜蜜
20200120,游戏文化,4 亚山重现
20200120,编辑最爱,5 周一游戏精选： 讲求战术的策略游戏
20200120,释放创意,6 组建一人乐队
20200121,游戏人生,1 回家路上，我们玩游戏
20200121,生活解决方案,2 你的新春祝福，准备好了吗？
20200121,值得一看,3 春节影单： 青春啊，烦烦烦
20200121,指南,4 茫茫夜空中，你属于哪里？
20200121,今日主题,5 周二游戏精选： 找呀找呀找呀找
20200121,生活解决方案,6 重新布置你的房间
20200122,重磅更新,1 迎着爆竹的火光漂移
20200122,尝鲜,2 充满年味的小家，温暖的家
20200122,值得一看,3 春节影单： 改变你一生的老师们
20200122,游戏文化,4 战歌奏响！ 就在银河尽头
20200122,怀旧佳作,5 二十年而今
20200122,提高效率,6 时间大师
20200123,游戏人生,1 虚拟世界里寻回年俗
20200123,指南,2 带上米奇去拜年
20200123,值得一看,3 春节影单：猫狗双全就是人生巅峰
20200123,幕后花絮,4 给我一个脑洞，我能让奶牛耍单杠
20200123,人人都爱玩,5 周四游戏精选： “好吃的”游戏 😋
20200123,生活解决方案,6 用好清晨一小时
20200124,共贺新春,1 团圆，最好的爱
20200124,时下热门,2 除夕夜 来《王者荣耀》里换新装
20200124,时下热门,3 属于“三国”的一千八百年
20200124,主打推荐,4 提高爸爸“出镜率”
20200124,游戏人生,5 守岁的熬夜伴侣
20200124,今日主题,6 “新年快乐 🎉”
20200125,游戏人生,1 春节里的游戏回忆
20200125,重磅更新,2 在喧嚣温暖的卡丁车场上享受新年
20200125,释放创意,3 用《轻颜相机》留住春节记忆
20200125,幕后花絮,4 那些采集声音的人
20200125,一起玩,5 过年也要一起玩！🐭
20200125,释放创意,6 拍下新春里的美好
20200126,释放创意,1 这孩子，长得跟爸妈真像！
20200126,时下热门,2 乐高里的百搭春节
20200126,以 AR 体验,3 春节让家里飘满“福”
20200126,玩起来,4 零操作，却让你乐此不疲
20200126,今日主题,5 大年初二玩什么： 成为烹饪高手
20200126,爱健身,6 春节也要锻炼啊！
20200127,指南,1 过年教爸妈玩微博： 有红包，更有人情味
20200127,探索 AR 世界,2 从孤单到陪伴需要多久？
20200127,玩起来,3 全体集合，击败年兽！
20200127,今日游戏,4 重返淘金时代
20200127,游戏美学,5 大年初三玩什么： 别具特色的中国风游戏
20200127,释放创意,6 新奇相机，记录日常
20200128,游戏文化,1 盛唐中国红
20200128,时下热门,2 给爸妈的实用 App 指南
20200128,生活解决方案,3 小朋友的欢乐年
20200128,进阶指南,4 镜头下的蔚蓝海域
20200128,编辑最爱,5 大年初四玩什么： 考验脑力的解谜游戏
20200128,今日主题,6 手掌上的传统文化
20200129,时下热门,1 延长假期，抗击病毒
20200129,尝鲜,2 财神到，可爱小城建起来
20200129,专题,3 每日关注疫情和健康
20200129,今日主题,4 宅在家，全搞定
20200129,爱健身,5 健身上手指南： 你需要的基础知识
20200129,玩起来,6 让这些游戏给你温暖和希望
20200130,生活解决方案,1 让爸妈的头像也潮起来！
20200130,专题,2 大年初六玩什么： 爽快游戏！
20200130,时下热门,3 一千朵花的背后
20200130,专题,4 每日关注疫情和健康
20200130,爱健身,5 健身上手指南： 学做标准俯卧撑
20200130,今日主题,6 窝在沙发里
20200131,编辑最爱,1 一月最佳
20200131,游戏人生,2 大年初七玩什么： 在游戏中尽情收集！
20200131,怀旧佳作,3 人工智能，让黑白旧照重焕新生
20200131,专题,4 每日关注疫情和健康
20200131,爱健身,5 健身上手指南： 学做标准卷腹
20200131,释放创意,6 零基础信手涂鸦
20200201,游戏文化,1 没有名字的孟姜女的一生
20200201,专题,2 我能呆在河边， 钓上一整天的鱼
20200201,APP × 文化,3 在国风绘本中 享涂色之乐
20200201,今日主题,4 宅在家，全搞定
20200201,爱健身,5 健身上手指南： 学做标准仰卧划臂
20200201,专题,6 每日关注疫情和健康
20200202,游戏文化,1 嘻嘻哈哈的诸神乱斗
20200202,专题,2 如果你喜欢日式 RPG
20200202,今日游戏,3 插翅难逃！
20200202,学点新东西,4 你是个有逻辑的人吗？
20200202,爱健身,5 健身上手指南： 学做标准深蹲
20200202,专题,6 每日关注疫情和健康
20200203,提高效率,1 不出门， 也别耽误工作和学习
20200203,独立佳作,2 推箱子的少女和两个世界的谜团
20200203,人人都爱玩,3 轻松游戏
20200203,今日游戏,4 如何打好这手牌？
20200203,生活解决方案,5 这款图像标注工具，好用又好玩
20200203,专题,6 每日关注疫情和健康
20200204,游戏文化,1 1930 年，你在美国做 DJ
20200204,玩起来,2 让这些游戏给你温暖和希望
20200204,今日游戏,3 追随精灵，采撷宝莲
20200204,APP × 文化,4 ASMR 到底是什么？
20200204,玩起来,5 道士与狐妖的万水千山
20200204,专题,6 每日关注疫情和健康
20200205,专题,1 在家舒心工作、安心学习
20200205,玩起来,2 这些游戏我能玩上一天
20200205,今日游戏,3 无厘头的菜，有温度的爱
20200205,给小朋友,4 先别给孩子报钢琴课
20200205,今日主题,5 做顿清淡的
20200205,专题,6 每日关注疫情和健康
20200206,指南,1 元气满满，其实没那么难
20200206,人人都爱玩,2 放松心情玩起来！ 🥳
20200206,主打推荐,3 22 个俯卧撑的力量
20200206,游戏文化,4 时间旅行与平行宇宙
20200206,生活解决方案,5 随时写随处看的笔记本
20200206,专题,6 每日关注疫情和健康
20200207,时下热门,1 关于病毒🦠 你可以了解什么？
20200207,今日游戏,2 神枪手闯太空
20200207,游戏文化,3 小心我“消”你
20200207,脑洞大开,4 时空扭曲，名人乱斗！
20200207,今日主题,5 每日关注疫情和健康
20200208,游戏文化,1 上元放焰祭火神， 灯烧陆海百病散
20200208,专题,2 精选好游戏 元宵畅快玩
20200208,今日游戏,3 “错误”的眼光，才能看见真相
20200208,游戏文化,4 从古希腊一路砍到大秦
20200208,主打推荐,5 好看又好玩的《斩兽之刃》
20200208,今日主题,6 每日关注疫情和健康
20200209,生活解决方案,1 锻炼大脑，请个“私教”
20200209,编辑最爱,2 本周新游推荐
20200209,脑洞大开,3 是战斗力只有 5 的渣还是 10000 亿战斗力的超级赛亚人
20200209,游戏文化,4 剑与魔法的世界
20200209,指南,5 成为昆特牌大师的第一步
20200209,今日主题,6 每日关注疫情和健康
20200210,生活解决方案,1 锻炼大脑，请个“私教”
20200210,编辑最爱,2 本周新游推荐
20200210,脑洞大开,3 是战斗力只有 5 的渣还是 10000 亿战斗力的超级赛亚人
20200210,游戏文化,4 剑与魔法的世界
20200210,指南,5 成为昆特牌大师的第一步
20200210,今日主题,6 每日关注疫情和健康
20200211,生活解决方案,1 锻炼大脑，请个“私教”
20200211,编辑最爱,2 本周新游推荐
20200211,脑洞大开,3 是战斗力只有 5 的渣还是 10000 亿战斗力的超级赛亚人
20200211,游戏文化,4 剑与魔法的世界
20200211,指南,5 成为昆特牌大师的第一步
20200211,今日主题,6 每日关注疫情和健康
20200212,编辑最爱,1 呼吸之间，感受科幻浪漫
20200212,人气游戏,2 周三游戏精选： 变身体坛巨星
20200212,今日游戏,3 神枪手闯太空
20200212,今日 App,4 走进芝麻街，和艾摩一起玩！
20200212,独立佳作,5 千刃合一剑！
20200212,今日主题,6 令人着迷的音效
20200213,游戏文化,1 兵器谱：唐刀
20200213,硬核玩家,2 周四游戏精选： 致军事迷
20200213,今日游戏,3 生化险境三人行
20200213,游戏文化,4 金字塔到底是不是外星人建的？
20200213,APP × 文化,5 游戏治愈心灵
20200213,今日主题,6 调节生物钟
20200214,游戏人生,1 因为游戏，我把 TA 甩了！
20200214,玩起来,2 和你在一起
20200214,独立佳作,3 关于一场等不到的爱情
20200214,APP × 文化,4 爱，是和你的柴米油盐酱醋茶
20200214,值得一看,5 啊，单身真好！
20200214,脑洞大开,6 合格对象的十六字箴言
20200215,游戏文化,1 向着宝藏，扬帆！
20200215,专题,2 精选好游戏 周末畅快玩
20200215,今日游戏,3 今日游戏
20200215,生活解决方案,4 你试过这样呼吸吗？
20200215,给小朋友,5 让孩子爱上英文阅读的好方法
20200215,释放创意,6 让你的拍照技术日日精进
20200216,时下热门,1 特殊时期，如何安放不良情绪？
20200216,编辑最爱,2 本周新游推荐
20200216,今日游戏,3 方块不止俄罗斯
20200216,生活解决方案,4 小心，别被焦虑骗了
20200216,游戏美学,5 游戏视听盛宴
20200216,今日主题,6 深呼吸……
20200217,时下热门,1 “睡满 8 小时”就最好，真的吗？
20200217,游戏人生,2 生存不易，坚持就是胜利
20200217,幕后花絮,3 芯片音乐大师
20200217,今日 App,4 大海里面故事多
20200217,游戏文化,5 诗与妖的画卷
20200217,今日主题,6 记下你的每日心情
20200218,玩起来,1 拿上扳手，保卫王国！
20200218,玩起来,2 让这些游戏给你温暖和希望
20200218,生活解决方案,3 破旧立新，养成好习惯
20200218,今日游戏,4 不死之魂，卷土重来
20200218,一起玩,5 城堡突围 重要的是朋友
20200218,提高效率,6 用它们安排日程
20200219,尝鲜,1 你敢走进这扇白门吗？
20200219,脑洞大开,2 周三游戏精选： 释放你的压力！
20200219,对话开发者,3 “音”为懂你
20200219,名词揭秘,4 正念冥想到底是什么？
20200219,游戏美学,5 在风中相遇 在光中起舞
20200219,今日主题,6 在家学吉他 🎸
20200220,游戏文化,1 又有鱼上钩！
20200220,脑洞大开,2 周四游戏精选： 工作使我快乐？！
20200220,对话开发者,3 从音乐人到 App 开发者
20200220,今日游戏,4 一滴水的冒险
20200220,APP × 文化,5 用快门留住闲暇时刻
20200220,今日主题,6 借助 AR 身临其境学新知
20200221,编辑最爱,1 带你吸遍全世界的猫
20200221,玩起来,2 本周值得关注的游戏更新
20200221,生活解决方案,3 锻炼大脑，请个“私教”
20200221,玩起来,4 敲地板真有那么好玩？
20200221,高手绝招,5 框得住的照片，框不住的精彩
20200221,提高效率,6 在家工作，更需专注
20200222,游戏人生,1 语言不通 照样可以恋爱！
20200222,专题,2 精选好游戏 周末畅快玩
20200222,尝鲜,3 严肃点！我们在玩《企鹅岛》
20200222,今日 APP,4 摇晃有惊喜！
20200222,今日主题,5 吃顿素的
20200223,编辑最爱,1 本周新游推荐
20200223,APP × 文化,2 如何听懂爵士乐？
20200223,快速上手,3 如何优雅地养飞蛾？
20200223,今日游戏,4 打打牌，种种田
20200223,今日 App,5 让照片变身精美手绘
20200223,今日主题,6 给小创作者们
20200224,主打推荐,1 比宇宙更远的地方还是一座岛
20200224,人人都爱玩,2 归园田居
20200224,给小朋友,3 列车长，您的外星火车已就绪！
20200224,今日游戏,4 敢跟警长比枪法？
20200224,尝鲜,5 一个骑士要跑多少步才能满身神装？
20200224,今日主题,6 让教学轻松点
20200225,主打推荐,1 云聚会：不出门，也能一起嗨
20200225,专题,2 这些模拟经营佳作 你能玩上一天
20200225,指南,3 再忙也要出出汗
20200225,今日游戏,4 在这座小镇，眼见并不为实
20200225,游戏人生,5 建造与创造
20200225,今日主题,6 窝在沙发里
20200226,游戏人生,1 我和我和我和她
20200226,脑洞大开,2 玩游戏，环游世界 🌍
20200226,对话开发者,3 把大自然装进口袋
20200226,今日游戏,4 小镇有个传送门
20200226,玩起来,5 从现在起，采药捕猎，周游世界
20200226,提高效率,6 你能专注多久？
20200227,游戏文化,1 中国第一颗核弹居然叫这个名字
20200227,人人都爱玩,2 欢乐竞速 🏎️
20200227,对话创作者,3 轮椅上的行摄人生
20200227,今日游戏,4 如何在太空中当个好市长
20200227,游戏人生,5 观察人类也太开心了吧
20200227,生活解决方案,6 轻抬手腕，养成新习惯
20200228,编辑最爱,1 重温《千与千寻》，发现这些秘密
20200228,玩起来,2 本周值得关注的游戏更新
20200228,今日游戏,3 今日游戏
20200228,今日 App,4 今日 App
20200228,游戏文化,5 金字塔到底是不是外星人建的？
20200228,学点新东西,6 在家画漫画
20200229,编辑最爱,1 二月最佳
20200229,限时特惠,2 四年一度，闰日特别优惠
20200229,专题,3 精选好游戏 周末畅快玩
20200229,今日游戏,4 吹着海风，去追星星吧
20200229,今日 App,5 看球，用数字说话！
20200229,生活解决方案,6 健康从喝水开始
20200301,玩起来,1 双人合作，冒险解谜
20200301,编辑最爱,2 本周新游推荐
20200301,今日游戏,3 世界尽头的生命奇迹
20200301,今日 App,4 晚安，好梦
20200301,学点新东西,5 入门小语种，怎样才能轻松些？
20200301,释放创意,6 闲来涂个色
20200302,玩起来,1 开一家最梦幻的中餐厅
20200302,妙趣横生,2 通勤良伴
20200302,星推荐,3 “滑板女神”教你 做视频博主
20200302,今日游戏,4 命中靶心！
20200302,多人竞技,5 “我想打篮球，因为我是一个篮球手！”
20200302,爱健身,6 早起来锻炼！
20200303,生活解决方案,1 坚持记账的秘诀就是……少点步骤
20200303,游戏文化,2 钢铁浪漫
20200303,今日游戏,3 实验室大逃亡
20200303,专题,4 告别迟到，从这些 App 开始
20200303,游戏人生,5 “远方”是你 舍不得到达的地方
20200303,释放创意,6 把 iPhone 变成老相机
20200304,给小朋友,1 早教育儿的音乐，都在这里
20200304,妙趣横生,2 一杆进洞⛳️
20200304,主打推荐,3 以爱为名，孤胆前行
20200304,今日 App,4 重返拍立得时代
20200304,指南,5 给人生减负，从衣橱开始
20200304,学点新东西,6 在家学钢琴
20200305,新游戏,1 喂饱滚来滚去的熊猫 就能征服海岛？
20200305,游戏文化,2 赛博朋克游戏
20200305,今日游戏,3 有猫有狗狗，生活乐悠悠
20200305,今日 App,4 任务再多，方寸不乱
20200305,给小朋友,5 数学课堂可以好看又好玩
20200305,给小朋友,6 在家学生物
20200306,电影改编,1 功夫熊猫大战史莱克大战靴子猫
20200306,玩起来,2 本周值得关注的游戏更新
20200306,APP × 文化,3 定格家人最真挚的笑容
20200306,游戏美学,4 聆听《Journey》旷野之音
20200306,幕后花絮,5 那些采集声音的人
20200306,给小朋友,6 在家学科学
20200307,编辑最爱,1 理解中国医生 也是理解我们自己
20200307,专题,2 精选好游戏 周末畅快玩
20200307,同步直播,3 周末看什么：足球观赛指南
20200307,今日游戏,4 今日游戏
20200307,尝鲜,5 漂流于闪耀星河中
20200307,给小朋友,6 在家学音乐
20200308,女性力量,1 狮酱：“我希望激励更多女性参加电竞比赛”
20200308,女性力量,2 她们不仅是电影中的大女主
20200308,女性力量,3 游戏背后的女性
20200308,专题,4 她的一天
20200308,编辑最爱,5 本周新游推荐
20200308,学点新东西,6 口袋里的科学课堂
20200309,编辑最爱,1 演讲高手的秘诀？就在幻灯片里
20200309,玩起来,2 那些动人的故事
20200309,今日游戏,3 难道我生活在二进制世界里？
20200309,释放创意,4 好工具做出好创意
20200309,APP × 文化,5 让人抓狂的 bug，也有可爱之处啊
20200309,给小朋友,6 在家学语文
20200310,游戏文化,1 三月星座人物：双鱼
20200310,专题,2 运筹帷幄，决胜群雄
20200310,今日游戏,3 星星是什么颜色的？
20200310,独立佳作,4 忍住眼泪，精英动物小队！
20200310,对话开发者,5 爱猫，也是一种职业
20200310,今日主题,6 重要日期不忘记
20200311,指南,1 如何管理你的订阅？
20200311,今日主题,2 冲刺吧，弹珠！
20200311,今日游戏,3 抢修 3D 电路
20200311,今日 App,4 随时随地，轻松处理 PDF 文档
20200311,游戏人生,5 《G30》究竟是什么？
20200311,尝鲜,6 是日常工具， 也是养成类游戏
20200312,值得一看,1 少女，你想成为最强的动画师吗？
20200312,编辑最爱,2 来自二次元世界！
20200312,今日游戏,3 想蹦迪吗？最惊险的那种
20200312,APP × 文化,4 惊喜 就在随机的下一个
20200312,主打推荐,5 妖怪打牌，打妖怪牌
20200312,给小朋友,6 在家学数学
20200313,玩起来,1 春光灿烂，游戏作伴
20200313,玩起来,2 本周值得关注的游戏更新
20200313,学点新东西,3 学外语很难？
20200313,生活解决方案,4 翻新你的旧照片
20200313,主打推荐,5 触碰废墟中的闪光未来
20200313,今日主题,6 小朋友的编程课
20200314,一起玩,1 你，“中华小曲库”
20200314,专题,2 甜品、游戏和白色情人节 🍬
20200314,今日游戏,3 花之谜语
20200314,游戏人生,4 童年回忆系列： 谁会厌倦过山车呢
20200314,释放创意,5 当一张照片与另一张相逢
20200314,学点新东西,6 小朋友学外语
20200315,尝鲜,1 音符穿越银河
20200315,编辑最爱,2 本周新游推荐
20200315,今日游戏,3 超轻松的记忆挑战
20200315,游戏人生,4 人类的本质是计算机
20200315,玩起来,5 谁会不想成为猎人呢？
20200315,尝鲜,6 手绘风格助手
20200316,生活解决方案,1 控制不住情绪，怎么办？
20200316,游戏文化,2 如果你喜欢科幻
20200316,今日游戏,3 在哪里跌倒，这是个问题
20200316,对话开发者,4 时间的磨砺，只会让金子更耀眼
20200316,APP × 文化,5 学钢琴，什么时候都不晚
20200316,生活解决方案,6 记录你的每一天
20200317,编辑最爱,1 《梨泰院 CLASS》：坚守信念会如何？
20200317,妙趣横生,2 角色扮演游戏中的“另一个你”
20200317,今日游戏,3 吃我一记上勾拳
20200317,游戏文化,4 火星上的点点星火
20200317,指南,5 如何用好“屏幕使用时间”
20200317,APP 改变生活,6 日行一万步
20200318,电子竞技,1 线上赛终于开打了！
20200318,妙趣横生,2 来一波华丽的连招
20200318,今日游戏,3 香肠放进锅，总共分几步？
20200318,尝鲜,4 群星之间的江湖
20200318,游戏文化,5 神秘、恐怖但时髦
20200318,今日主题,6 精彩视频轻松做
20200319,人人都爱玩,1 看，有一只可爱的小猫！
20200319,游戏文化,2 独特的放置游戏
20200319,今日游戏,3 控制世界的按钮
20200319,今日 App,4 你的数学作业有救了
20200319,游戏美学,5 那些格调十足的游戏
20200319,高手绝招,6 团队协作利器
20200320,玩起来,1 春分时节，游戏随心玩
20200320,限时特惠,2 精彩付费游戏 限时免费
20200320,一起玩,3 来玩优诺牌吧！
20200320,今日游戏,4 你离未来只差一个发动机
20200320,APP × 文化,5 五个字母，组成幸福的密码
20200320,给小朋友,6 小小美食家
20200321,时下热门,1 《仁王》挺立！
20200321,玩起来,2 本周值得关注的游戏更新
20200321,独立佳作,3 算不准的是人生
20200321,专题,4 精选好游戏 周末畅快玩
20200321,生活解决方案,5 情绪急救音乐箱
20200321,今日主题,6 好强大的计算器
20200322,编辑最爱,1 本周新游推荐
20200322,指南,2 《VSCO》还可以这么玩！
20200322,今日游戏,3 小萌怪大战鼻涕虫
20200322,今日 App,4 快乐启蒙
20200322,幕后花絮,5 《哈利·波特》背后的设计魔法师
20200322,今日主题,6 做一张长长长图
20200323,游戏人生,1 足不出户，你已游历万水千山
20200323,尝鲜,2 深色模式： 暗下来，让你眼前一亮
20200323,今日游戏,3 直“击”灵魂
20200323,今日 App,4 调配属于你的宁静
20200323,人人都爱玩,5 是电影，也是游戏
20200323,今日主题,6 我的心在旅行……
20200324,DIY,1 想入坑手帐？先来练练手吧
20200324,人人都爱玩,2 欢乐竞速 🏎️
20200324,今日游戏,3 哇呜哇呜吃水果！
20200324,今日 App,4 手机里的手动相机
20200324,尝鲜,5 严肃点！我们在玩《企鹅岛》
20200324,今日主题,6 心中有首诗
20200325,游戏文化,1 兵器谱 ：青龙偃月刀
20200325,今日主题,2 成为烹饪高手
20200325,今日游戏,3 青蛙小姐的芭蕾梦
20200325,今日 APP,4 “玩”出你的节拍
20200325,游戏人生,5 熊孩子们的大冒险
20200325,今日主题,6 超实用的小组件
20200326,APP × 文化,1 春天种下一首诗
20200326,人人都爱玩,2 仗剑江湖
20200326,今日游戏,3 找准节奏，打败敌鸡
20200326,快速上手,4 轻松采样，音乐更出彩
20200326,给小朋友,5 来到口语城，趣味学英语
20200326,今日主题,6 嘀嗒，嘀嗒……
20200327,周年庆典,1 五载同行，共绘梦幻
20200327,限时特惠,2 精彩付费游戏 限时免费及折扣
20200327,玩起来,3 本周值得关注的游戏更新
20200327,值得一看,4 维也纳精品歌剧 免费观看指南
20200327,游戏文化,5 古老庄园的诡异来信
20200327,时下热门,6 春日新“装”
20200328,编辑最爱,1 你天天用的东西，是怎么被设计出来的？
20200328,专题,2 限时活动： 老玩家召集令
20200328,今日游戏,3 “碰瓷”玩出花
20200328,今日 App,4 “冲洗”负片，只需一步？
20200328,游戏文化,5 在随机地牢中构筑卡组的乐趣
20200328,给小朋友,6 颜色与形状
20200329,主打推荐,1 造一辆坦克要几步？
20200329,编辑最爱,2 本周新游推荐
20200329,今日游戏,3 见招拆招！
20200329,今日 App,4 专业财务小帮手
20200329,给小朋友,5 怎么玩都好听的音乐玩具
20200329,尝鲜,6 翻转吧，手机
20200330,编辑最爱,1 三月最佳
20200330,专题,2 三国游戏
20200330,今日游戏,3 路过的勇士，进来喝一杯如何？
20200330,今日 App,4 再忙，也要过出丰富多彩的样子
20200330,生活解决方案,5 不跑照相馆，快速搞定证件照
20200330,生活解决方案,6 喵帮手
20200331,重磅更新,1 镜像碎裂，刺客来袭！
20200331,人气游戏,2 冒险与解谜
20200331,释放创意,3 寥寥几笔 绘出大千世界
20200331,今日游戏,4 最后的一餐
20200331,今日 APP,5 先做该做的事
20200331,释放创意,6 喜欢动漫？自己做！
20200401,游戏文化,1 “小丑”的前世今生
20200401,重磅更新,2 超级部队闪亮登场
20200401,专题,3 关灯玩，更刺激
20200401,今日游戏,4 霓虹，金属，打砖块
20200401,今日 App,5 你今天过得好吗？
20200401,今日主题,6 小小造型师
20200402,重磅更新,1 《和平精英》四月新版本上线
20200402,时下热门,2 在游戏中，赏尽春光无限 🌸🌿🌼
20200402,给小朋友,3 孩子的世界到底该是什么颜色？
20200402,今日游戏,4 窥探觉醒之门
20200402,故事,5 他用一生完成了 15 岁写的 127 个目标
20200402,今日主题,6 清新日记本
20200403,周年庆典,1 《开心消消乐》 六周年啦！
20200403,限时特惠,2 精选 App 优惠： 做好准备，拥抱春天
20200403,玩起来,3 本周值得关注的游戏更新
20200403,指南,4 用镜头定格流动之美
20200403,释放创意,5 从下不去笔到停不下来
20200403,释放创意,6 巧趣涂色板
20200404,生活解决方案,1 房间布局改造记
20200404,尝鲜,2 让旧底片重获新生
20200404,编辑精选,3 科学健身指南
20200404,入门,4 学英语，光看课本怎么行？
20200404,今日 App,5 想成为平面设计师吗？
20200404,今日主题,6 写作，随时随地
20200405,重磅更新,1 传奇的最终乐章
20200405,编辑最爱,2 本周新游推荐
20200405,今日游戏,3 集结明星球员，征战绿茵场
20200405,今日 App,4 好创意，怎能有边界？
20200405,游戏美学,5 音乐就是白色的圆形！
20200405,今日主题,6 我爱看漫画
20200406,时下热门,1 下个金牌投资人，就是你！
20200406,游戏人生,2 每个人都是一座岛
20200406,今日游戏,3 阳光明媚，出海捕鱼
20200406,对话开发者,4 “救活”一款 App 要几步？
20200406,尝鲜,5 要简便或个性，这家摄影老店都能满足你
20200406,释放创意,6 拍点不一样的 👀
20200407,主打推荐,1 我偏要选中锋 投三分！
20200407,游戏美学,2 绝美游戏，视听盛宴
20200407,游戏文化,3 如果游戏界也有“最佳配角奖”
20200407,今日游戏,4 扭曲之下是通途
20200407,今日 APP,5 做视频，可以多优雅？
20200407,今日主题,6 提高你的词汇量
20200408,重磅更新,1 见证恶魔猎手的力量
20200408,今日主题,2 脑力大挑战
20200408,游戏文化,3 踩下油门的瞬间，已没有退路可言
20200408,今日游戏,4 诅咒的真相，就在你眼前
20200408,今日 App,5 拯救猫咪靠编程
20200408,给小朋友,6 探索海底世界
20200409,为你科普,1 什么是摩尔斯电码？
20200409,编辑最爱,2 王牌特工
20200409,尝鲜,3 在“魔塔”中更上一层楼
20200409,今日游戏,4 荡起四肢，飞檐走壁
20200409,人气游戏,5 飞行员请登机
20200409,今日主题,6 让宝宝健康成长
20200410,重磅更新,1 进入新赛季！
20200410,玩起来,2 本周值得关注的游戏更新
20200410,值得一看,3 跟医生说句“辛苦了”吧！
20200410,今日 App,4 今日 App
20200410,释放创意,5 当一张照片与另一张相逢
20200410,今日主题,6 黑白影像
20200411,值得一看,1 你认真说，我静静听
20200411,专题,2 精选好游戏 周末畅快玩
20200411,生活解决方案,3 录制语音备忘录需要几步？
20200411,今日游戏,4 消出你的专“鼠”家园
20200411,今日 App,5 玩消除，学算术
20200411,今日主题,6 虚拟音乐键盘
20200412,游戏文化,1 圆珠笔是我最好的武器，但偶尔也会想在集市里开跑车
20200412,编辑最爱,2 本周新游推荐
20200412,游戏人生,3 努力搬砖也走不上人生巅峰的建造物语
20200412,今日游戏,4 当我们在谈论足球时，我们在谈论什么
20200412,今日 App,5 你的情绪，是什么颜色？
20200412,今日主题,6 童游太空
20200413,游戏文化,1 这些诡异的毒舌旁白，来自游戏史留名的大反派
20200413,今日主题,2 找呀找呀找呀找
20200413,今日游戏,3 以天空为家的小鸟，也需要避风港
20200413,今日 App,4 舒心易读笔记本
20200413,游戏人生,5 再给我一次机会就能打败魔王！
20200413,专题,6 不太一样的天气预报
20200414,游戏文化,1 兵器谱：村正
20200414,人气游戏,2 你不可错过的塔防游戏
20200414,进阶指南,3 听会说话的汤姆猫讲述自己的故事
20200414,今日游戏,4 爱意满满的一餐
20200414,今日 App,5 是“噪音”，也是“乐音”
20200414,今日主题,6 书迷的阅读工具
20200415,游戏文化,1 飞空艇、陆行鸟和著名的《最终幻想》
20200415,尝鲜,2 富有挑战性的战棋游戏
20200415,为你科普,3 什么是“子弹笔记”？
20200415,玩起来,4 开最大的车，走最远的路
20200415,今日 App,5 你的照片会发光
20200415,释放创意,6 爱上像素风
20200416,游戏文化,1 四月星座人物：白羊
20200416,游戏文化,2 跳跃！
20200416,给小朋友,3 养宠物狗，学好数学
20200416,今日游戏,4 拳脚斗恶兽
20200416,指南,5 给自己设计一条小黑裙
20200416,今日主题,6 搞怪自拍
20200417,时下热门,1 在动画中开始你的冒险旅途！
20200417,玩起来,2 本周值得关注的游戏更新
20200417,学点新东西,3 辅导孩子学习，其实没那么难
20200417,今日游戏,4 宇宙的尽头是什么？
20200417,游戏文化,5 没有名字的孟姜女的一生
20200417,给小朋友,6 这是什么动物？
20200418,值得一看,1 鬓边不是海棠红
20200418,专题,2 精选好游戏 周末畅快玩
20200418,今日游戏,3 诡异小镇的诅咒之谜
20200418,今日 APP,4 这里不怕乱涂乱画
20200418,释放创意,5 移轴摄影，打造微缩世界的秘密
20200418,今日主题,6 你那里几点了？
20200419,预订开启,1 准备开始一场《荒野乱斗》
20200419,编辑最爱,2 本周新游推荐
20200419,释放创意,3 你的创意无法阻挡
20200419,今日游戏,4 举盾攀登，智夺高楼
20200419,游戏文化,5 什么是文字冒险游戏？
20200419,学点新东西,6 陪你练口语
20200420,尝鲜,1 激光！火焰！爆炸！人形机甲！
20200420,人人都爱玩,2 “好吃”的游戏 😋
20200420,今日游戏,3 少年，向前奔跑吧！
20200420,今日 App,4 今天的你真好看
20200420,指南,5 制作流动的大片
20200420,今日主题,6 手腕上的远足旅伴 ⌚️
20200421,快速上手,1 轻松上手： 6 个 App 帮你记账
20200421,时下热门,2 开放世界大冒险
20200421,提高效率,3 在信息洪流中，记录下真正重要的东西
20200421,今日游戏,4 科幻摩托大赛
20200421,今日 App,5 音乐合拍有秘诀
20200421,释放创意,6 慢快门爱好者
20200422,世界地球日,1 你身边的小“邻居”
20200422,游戏文化,2 保护地球
20200422,世界地球日,3 不“纸”是书写
20200422,今日游戏,4 成为小岛造物主
20200422,幕后花絮,5 大自然的故事
20200422,今日主题,6 试试和纸张说再见
20200423,APP × 文化,1 马伯庸：只要开始阅读了就是好事
20200423,游戏文化,2 剑与魔法的世界
20200423,今日游戏,3 欢乐农场大作战
20200423,尝鲜,4 要艺术还是要面包？
20200423,今日 App,5 黑白键上的摇滚风范
20200423,今日主题,6 腹有诗书气自华
20200424,APP × 文化,1 苏童：读经典是硬道理
20200424,玩起来,2 本周值得关注的游戏更新
20200424,今日游戏,3 千万别惹吃鳄梨的家伙！
20200424,今日 APP,4 钻出关卡，快快长大
20200424,游戏文化,5 1930 年，你在美国做 DJ
20200424,释放创意,6 镜头里的复古
20200425,APP × 文化,1 戴锦华：书籍于我无等级
20200425,专题,2 精选好游戏 周末畅快玩
20200425,一起玩,3 连线，消除，大作战！
20200425,今日游戏,4 “@!#?@!”
20200425,今日 App,5 大脑“健身”指南
20200425,今日主题,6 数字遇上色彩
20200426,APP × 文化,1 许知远：阅读是很本能的，需要自我寻找
20200426,编辑最爱,2 本周新游推荐
20200426,今日游戏,3 别逼我用苹果砸你啊
20200426,主打推荐,4 挂机砍怪，佛系闯关
20200426,今日主题,5 你的 📱 墙纸库
20200426,今日主题,6 你的 📱 墙纸库
20200427,游戏文化,1 这处小小的城寨 曾经世界闻名
20200427,人人都爱玩,2 游戏使人聪慧
20200427,生活解决方案,3 没法专心工作？
20200427,今日游戏,4 以数学为名，弹幕来袭！
20200427,今日 App,5 极简书写，随时记录
20200427,今日主题,6 养成好习惯
20200428,编辑最爱,1 四月影单：职场什么最重要？
20200428,今日主题,2 动物也很忙
20200428,游戏人生,3 开一间理想的咖啡厅
20200428,今日 APP,4 恐龙出没！注意！
20200428,进阶技巧,5 家装达人的设计秘诀
20200428,效率翻倍,6 做事快人一步
20200429,玩起来,1 怪奇山海，霓虹烂漫
20200429,编辑最爱,2 奇思妙想的小众独立游戏
20200429,指南,3 如何管理你的订阅？
20200429,指南,4 如何用好“屏幕使用时间”
20200429,今日游戏,5 海岛探秘
20200429,今日主题,6 学点天文知识
20200430,编辑最爱,1 四月最佳
20200430,周年庆典,2 博士，我们并肩作战一年啦！
20200430,专题,3 另类棋牌
20200430,今日游戏,4 重建有序的色彩世界
20200430,大片入门,5 不必手忙脚乱，就能拍出恰好的风光
20200430,今日主题,6 发现身边好去处
20200501,全新活动,1 劳动创造你的世界
20200501,周年庆典,2 奋斗吧，特种兵！ 《和平精英》庆周年
20200501,限时特惠,3 欢度五一： 精选 App 限时优惠
20200501,高手绝招,4 精雕细琢的纵横之美
20200501,生活解决方案,5 准备一次户外野餐
20200501,今日主题,6 光顾心仪的馆子
20200502,时下热门,1 建设你的海岛 然后去冒险
20200502,重磅更新,2 迷宫崩塌 不如先扔个炸弹！
20200502,限时特惠,3 欢度五一： 精彩游戏特别优惠
20200502,高手绝招,4 捕捉“水泥森林”中的别样风景
20200502,给小朋友,5 让孩子体验养育小生命的乐趣
20200502,今日主题,6 如果有人来作客
20200503,生活解决方案,1 租房记
20200503,编辑最爱,2 本周新游推荐
20200503,爱健身,3 “元气满满”是种什么样的体验？
20200503,专题,4 这些模拟经营佳作 你能玩上一天
20200503,生活解决方案,5 如果，你也有不太会拍照的朋友……😅
20200503,释放创意,6 该出去写生啦！
20200504,值得一看,1 电影和漫画中的黑寡妇
20200504,今日主题,2 萌喵召集令
20200504,游戏人生,3 超级反派：黑武士
20200504,今日游戏,4 摇曳双星，梦幻舞步
20200504,大片入门,5 阳光中定格那片花瓣
20200504,释放创意,6 各式相机尽兴拍
20200505,玩起来,1 与我为伍，彼此守护
20200505,编辑最爱,2 讲求战术的策略游戏
20200505,生活解决方案,3 随“声”潜入夜
20200505,今日游戏,4 插翅难逃！
20200505,对话开发者,5 我喜欢让什么事都有趣一点
20200505,时下热门,6 我要去跑步
20200506,编辑最爱,1 且看硬核剧画风 呈现隋末庙堂与江湖
20200506,编辑最爱,2 华丽爽快的动作游戏
20200506,独立佳作,3 嘿英雄，来我的地牢里转转？
20200506,今日游戏,4 书中自有乾坤
20200506,游戏文化,5 嘻嘻哈哈的诸神乱斗
20200506,提高效率,6 回归节后日常
20200507,亮眼独立佳作,1 炸裂吧水果！哒哒哒哒！
20200507,编辑最爱,2 简单易上手的休闲游戏
20200507,尝鲜,3 你敢走进这扇白门吗？
20200507,今日游戏,4 小王子的星球旅途
20200507,对话开发者,5 没器材，照样玩音乐
20200507,提高效率,6 一上班就困？
20200508,尝鲜,1 这本日记簿，只关于旅行
20200508,玩起来,2 本周值得关注的游戏更新
20200508,今日游戏,3 这一次，我将与恶魔为伍
20200508,生活解决方案,4 破旧立新，养成好习惯
20200508,指南,5 结构化思维，让你更有条理
20200508,今日主题,6 好好犒劳你的胃
20200509,游戏文化,1 天时地利人和，何以得天下？
20200509,专题,2 精选好游戏 周末畅快玩
20200509,今日游戏,3 你独自屹立战场
20200509,APP × 文化,4 如何听懂爵士乐？
20200509,游戏美学,5 漂洋过海度一生
20200509,今日主题,6 标注重点，一目了然
20200510,原创漫画,1 我和妈妈
20200510,编辑最爱,2 本周新游推荐
20200510,生活解决方案,3 让妈妈放松下
20200510,今日游戏,4 脚踩雪板，御风而行
20200510,生活解决方案,5 如何将运动变成习惯？
20200510,释放创意,6 好图配好框
20200511,游戏文化,1 五月星座人物：金牛
20200511,编辑最爱,2 沉浸在动人的冒险故事中
20200511,专题,3 你的隐私，它们来护航
20200511,今日游戏,4 如何打好这手牌？
20200511,今日 App,5 走进芝麻街，和艾摩一起玩！
20200511,今日主题,6 吃得健康些
20200512,编辑最爱,1 三体之外，地球尚在流浪，教师仍在乡村
20200512,妙趣横生,2 角色扮演游戏中的“另一个你”
20200512,今日游戏,3 破解数字点阵之谜
20200512,游戏人生,4 语言不通 照样可以恋爱！
20200512,指南,5 元气满满，其实没那么难
20200512,生活解决方案,6 小巧精准的节拍器
20200513,尝鲜,1 喵呜！来记账吧铲屎官
20200513,玩起来,2 动感十足的音乐游戏
20200513,游戏文化,3 兵器谱：唐刀
20200513,今日 App,4 你一笔，我一画
20200513,今日游戏,5 无厘头的菜，有温度的爱
20200513,生活解决方案,6 拿出 📱 测量一下
20200514,游戏文化,1 兵器谱 ：昆吾
20200514,游戏文化,2 口袋桌游室
20200514,先试为快,3 来玩架子鼓吗？不扰民的那一种
20200514,独立佳作,4 关于一场等不到的爱情
20200514,今日游戏,5 追随精灵，采撷宝莲
20200514,今日主题,6 看得见的质感
20200515,生活解决方案,1 这是什么垃圾？
20200515,玩起来,2 本周值得关注的游戏更新
20200515,游戏文化,3 向着宝藏，扬帆！
20200515,今日游戏,4 “错误”的眼光，才能看见真相
20200515,今日 App,5 轻运动，迈出健身第一步
20200515,提高效率,6 时间大师
20200516,编辑最爱,1 于此处 一窥大道门径
20200516,专题,2 精选好游戏 周末畅快玩
20200516,时下热门,3 “睡满 8 小时”就最好，真的吗？
20200516,今日游戏,4 生化险境三人行
20200516,今日 APP,5 照片“活”起来
20200516,释放创意,6 随手做设计
20200517,游戏美学,1 充满真实质感的游戏世界
20200517,编辑最爱,2 本周新游推荐
20200517,给小朋友,3 让猫上学？想都别想！
20200517,幕后花絮,4 芯片音乐大师
20200517,今日游戏,5 方块不止俄罗斯
20200517,提高效率,6 长得不像 🍅 的番茄钟
20200518,生活解决方案,1 煮碗面，定定神
20200518,一起玩,2 呼朋唤友一起玩！
20200518,进阶指南,3 了解《Procreate》 的进阶技巧
20200518,今日游戏,4 企鹅寂寞吗？
20200518,今日 App,5 大海里面故事多
20200518,今日主题,6 “野生”表情贴纸
20200519,玩起来,1 水+火+电=？
20200519,妙趣横生,2 来打牌吗？
20200519,指南,3 小小拼图，大千世界
20200519,对话开发者,4 “音”为懂你
20200519,玩起来,5 拿上扳手，保卫王国！
20200519,提高效率,6 口袋里的扫描仪
20200520,主打推荐,1 对摄影来说，一次就是唯一
20200520,限时特惠,2 情意之礼：精彩游戏限时优惠
20200520,今日 APP,3 再见吧，做饭选择困难症
20200520,游戏内活动,4 铃鹿御前登场 平安世界新章开启
20200520,游戏文化,5 不需要台词，也能成为人气配角
20200520,学点新东西,6 深邃星空
20200521,支持辅助功能,1 小朋友，勇敢做自己
20200521,人人都爱玩,2 归园田居
20200521,游戏人生,3 看不见的游戏
20200521,今日游戏,4 不碰屏幕怎么玩游戏？
20200521,幕后花絮,5 单手成就 DJ 人生
20200521,学点新东西,6 来学一门新语言
20200522,重磅更新,1 无敌剑客绯村剑心的追忆
20200522,玩起来,2 本周值得关注的游戏更新
20200522,今日游戏,3 神秘岛奇案
20200522,今日 App,4 让照片变身精美手绘
20200522,游戏文化,5 又有鱼上钩！
20200522,时下热门,6 生活中的人工智能
20200523,编辑最爱,1 叔，你怎么变成猫了？！
20200523,专题,2 精选好游戏 周末畅快玩
20200523,常玩常新,3 踩下油门，绝不认输
20200523,对话开发者,4 从音乐人到 App 开发者
20200523,今日游戏,5 一滴水的冒险
20200523,释放创意,6 专业拍摄专业剪
20200524,入门,1 轻松上手： 自拍的 5 种可能
20200524,编辑最爱,2 本周新游推荐
20200524,今日游戏,3 涂出 3D 童话世界
20200524,主打推荐,4 比宇宙更远的地方还是一座岛
20200524,生活解决方案,5 锻炼大脑，请个“私教”
20200524,尝鲜,6 挥舞你的 AR 画笔
20200525,学点新东西,1 你，真的会泡茶吗？
20200525,妙趣横生,2 通勤良伴
20200525,今日游戏,3 可爱即正义！
20200525,今日 APP,4 简单装饰，照片脱颖而出
20200525,给小朋友,5 列车长，您的外星火车已就绪！
20200525,释放创意,6 用不完的滤镜
20200526,游戏人生,1 今年我二十岁 十年后我会死去
20200526,时下热门,2 出道成为偶像吧
20200526,今日游戏,3 敢跟警长比枪法？
20200526,今日 App,4 来做个造型！
20200526,指南,5 再忙也要出出汗
20200526,生活解决方案,6 给你的身体补点水
20200527,给小朋友,1 在这所太空学院，穿越文明长河
20200527,人气游戏,2 急速飞驰
20200527,今日游戏,3 在这座小镇，眼见并不为实
20200527,今日 APP,4 让定格的照片动起来
20200527,游戏人生,5 我和我和我和她
20200527,今日主题,6 每天一点点 改变看得见
20200528,时下热门,1 《漫威无限》大更新
20200528,独立佳作,2 寄居隅怪奇事件簿
20200528,今日游戏,3 好多喵
20200528,对话开发者,4 把大自然装进口袋
20200528,游戏文化,5 中国第一颗核弹居然叫这个名字
20200528,今日主题,6 进入内心禅境
20200529,时下热门,1 异人们的《一人之下》
20200529,玩起来,2 本周值得关注的游戏更新
20200529,今日游戏,3 敢和导弹比比速度吗？
20200529,今日 App,4 今日 App
20200529,对话创作者,5 轮椅上的行摄人生
20200529,今日主题,6 你的理财帮手
20200530,编辑最爱,1 不准叫我猫爷，叫我少卿大人！
20200530,独立佳作,2 我不是小魔女，我是女王！
20200530,专题,3 精选好游戏 周末畅快玩
20200530,今日游戏,4 小镇有个传送门
20200530,今日 App,5 看球，用数字说话！
20200530,提高效率,6 做学术也是要讲效率的
20200531,编辑最爱,1 五月最佳
20200531,编辑最爱,2 本周新游推荐
20200531,今日游戏,3 引一泓清流，等一朵花开
20200531,今日 App,4 今日 App
20200531,玩起来,5 双人合作，冒险解谜
20200531,生活解决方案,6 不仅是记日子
20200601,编辑最爱,1 你的朋友孙悟空
20200601,主打推荐,2 六一请注意 大量圆滚滚萌物来袭！
20200601,给小朋友,3 影子影子你别闹
20200601,给小朋友,4 让猫上学？想都别想！
20200601,给小朋友,5 孩子的世界到底该是什么颜色？
20200601,游戏人生,6 所有人的童年回忆
20200602,游戏文化,1 六月星座人物：双子
20200602,时下热门,2 本周热门游戏
20200602,指南,3 拍摄你的第一部定格动画
20200602,今日游戏,4 如何在太空中当个好市长
20200602,今日 App,5 黑夜摄影黑科技
20200602,学点新东西,6 生物密码
20200603,时下热门,1 欢迎来到“凹凸大赛”!
20200603,时下热门,2 多彩卡牌游戏
20200603,今日游戏,3 君临天下，就靠这一袋金币
20200603,今日 App,4 晚安，好梦
20200603,玩起来,5 开一家最梦幻的中餐厅
20200603,时下热门,6 呼吸吐纳身自在
20200604,游戏人生,1 我知道分手总是难免的
20200604,专题,2 口袋里的经典网游
20200604,今日游戏,3 见招拆招！
20200604,今日 App,4 苦练心算，快人一步
20200604,生活解决方案,5 坚持记账的秘诀就是……少点步骤
20200604,爱健身,6 腕上好陪练 ⌚️
20200605,编辑最爱,1 把画画当兴趣不好吗，为什么要做美术生？
20200605,玩起来,2 本周值得关注的游戏更新
20200605,生活解决方案,3 “零垃圾”生活指南
20200605,今日游戏,4 今日游戏
20200605,今日 App,5 大熊大熊，鱼塘这边走
20200605,给小朋友,6 是什么和为什么
20200606,主打推荐,1 将书上文明，都存于一处
20200606,专题,2 精选好游戏 周末畅快玩
20200606,今日游戏,3 是时候揭开喵星人的真面目了！
20200606,对话开发者,4 孩子的第一款 App，是什么模样？
20200606,星推荐,5 “滑板女神”教你 做视频博主
20200606,大片入门,6 编辑你的 RAW 格式照片
20200607,游戏文化,1 大自走棋时代！
20200607,编辑最爱,2 本周新游推荐
20200607,给小朋友,3 冲刺吧，赛车手！
20200607,今日游戏,4 不死之魂，卷土重来
20200607,今日 App,5 河马先生，来个冰淇淋吧
20200607,学点新东西,6 给日语学习者
20200608,生活解决方案,1 借你只长耳朵，用来聆听你心事
20200608,游戏美学,2 别具特色的中国风游戏
20200608,今日游戏,3 幽灵出没，准备战斗
20200608,专题,4 告别迟到，从这些 App 开始
20200608,给小朋友,5 早教育儿的音乐，都在这里
20200608,今日主题,6 中午不睡，下午崩溃
20200609,时下热门,1 都来荒野乱斗吧！
20200609,限时特惠,2 初夏游戏特别优惠
20200609,今日游戏,3 错置时空中的云霄飞“球”
20200609,今日 App,4 治愈之音，助你集中
20200609,主打推荐,5 以爱为名，孤胆前行
20200609,提高效率,6 条理清晰地思考
20200610,指南,1 谁才是战场之王？
20200610,游戏美学,2 向千年前的匠人学习木工
20200610,脑洞大开,3 释放你的压力！
20200610,今日 App,4 重返拍立得时代
20200610,尝鲜,5 喂饱滚来滚去的熊猫 就能征服海岛？
20200610,提高效率,6 给制表高手
20200611,重磅更新,1 鏖战九龙城
20200611,预订开启,2 人人如龙的幻想三国
20200611,专题,3 爽快游戏！
20200611,今日游戏,4 小小月球，也能困住我？
20200611,今日 App,5 任务再多，方寸不乱
20200611,生活解决方案,6 换张新墙纸
20200612,编辑最爱,1 我爱你，所以创造了一个世界
20200612,玩起来,2 本周值得关注的游戏更新
20200612,今日游戏,3 你离未来只差一个发动机
20200612,今日 App,4 来，练练脑力
20200612,APP × 文化,5 定格家人最真挚的笑容
20200612,生活解决方案,6 轻轻一点，相册不乱
20200613,电子竞技,1 KPL 春季赛决赛 就在今晚！
20200613,专题,2 精选好游戏 周末畅快玩
20200613,今日游戏,3 喵困井下，请求支援
20200613,今日 App,4 随时随地，轻松处理 PDF 文档
20200613,游戏美学,5 聆听《Journey》旷野之音
20200613,释放创意,6 下一卷拍什么？
20200614,编辑最爱,1 六月影单： 看完就像被温柔拥抱
20200614,编辑最爱,2 本周新游推荐
20200614,今日游戏,3 快递员的自我修养
20200614,学点新东西,4 学外语很难？
20200614,一起玩,5 来玩优诺牌吧！
20200614,生活解决方案,6 你新家的样子
20200615,高手绝招,1 成为《荒野乱斗》全明星
20200615,游戏文化,2 如果你喜欢科幻
20200615,专题,3 给身体和心灵放个假
20200615,今日游戏,4 难道我生活在二进制世界里？
20200615,编辑最爱,5 演讲高手的秘诀？就在幻灯片里
20200615,提高效率,6 手势操作超方便
20200616,对话开发者,1 郝景芳：从科幻文学到儿童教育
20200616,限时特惠,2 初夏游戏特惠
20200616,今日游戏,3 火车集结，听你指挥
20200616,电影改编,4 功夫熊猫大战史莱克大战靴子猫
20200616,女性力量,5 她们不仅是电影中的大女主
20200616,释放创意,6 每一个日常都值得记录
20200617,编辑最爱,1 妈妈好辛苦，但这是她该做的？
20200617,妙趣横生,2 来一波华丽的连招
20200617,今日游戏,3 星星是什么颜色的？
20200617,宅家不无聊,4 遇见多才多艺的自己
20200617,一起玩,5 你，“中华小曲库”
20200617,生活解决方案,6 安置你的秘密心事
20200618,对话创作者,1 他十分钟写的歌，播放量超过 10 亿
20200618,限时特惠,2 人气 App 限时优惠 助你精彩一夏
20200618,给小朋友,3 欢迎来到 绘本奇妙夜
20200618,APP × 文化,4 感觉有点郁闷？
20200618,今日游戏,5 想蹦迪吗？最惊险的那种
20200618,游戏文化,6 放置游戏的独特魅力
20200619,对话创作者,1 从零创作电子乐 (上)
20200619,玩起来,2 本周值得关注的游戏更新
20200619,对话开发者,3 陌生世界的温暖过客
20200619,今日游戏,4 超轻松的记忆挑战
20200619,尝鲜,5 音符穿越银河
20200619,释放创意,6 如果我是 DJ
20200620,对话创作者,1 从零创作电子乐 (下)
20200620,专题,2 精选好游戏 周末畅快玩
20200620,APP × 文化,3 大考临近，冲刺有方
20200620,今日游戏,4 在哪里跌倒，这是个问题
20200620,今日 App,5 释放 iPhone 拍照潜力
20200620,今日主题,6 静心之旅
20200621,生活解决方案,1 搭高铁的高级段位
20200621,玩起来,2 本周新游推荐
20200621,值得一看,3 父爱，不只有一种模样
20200621,游戏人生,4 游戏中的父亲
20200621,今日游戏,5 今日游戏
20200621,给小朋友,6 系好安全带，出发咯！
20200622,WWDC20,1 欢迎来到 WWDC
20200622,限时特惠,2 夏日游戏特别优惠
20200622,今日游戏,3 意料之外，情理之中
20200622,今日 App,4 小恐龙们的算术对决
20200622,生活解决方案,5 控制不住情绪，怎么办？
20200622,提高效率,6 会议进行中
20200623,畅玩新赛季,1 海岛与海盗的新时代
20200623,同步直播,2 火箭少女 101 告别演出
20200623,限时特惠,3 本周热门游戏
20200623,今日游戏,4 造桥专家还是“塌桥公司”？
20200623,人人都爱玩,5 看，有一只可爱的小猫！
20200623,尝鲜,6 时光的刻度
20200624,时下热门,1 每个人都是王牌
20200624,重磅更新,2 藏剑铸青锋
20200624,对话创作者,3 《叹息桥》背后的画家
20200624,限时特惠,4 夏日游戏特别优惠
20200624,今日 App,5 你的数学作业有救了
20200624,生活解决方案,6 如果你有个室友
20200625,尝鲜,1 拯救世界靠变异？
20200625,限时特惠,2 端午节特别优惠：武侠游戏精选
20200625,编辑最爱,3 你有多久没陪孩子玩游戏了？
20200625,今日游戏,4 当萝卜化身超级奶爸
20200625,游戏人生,5 足不出户，你已游历万水千山
20200625,释放创意,6 全屏写作更专注
20200626,值得一看,1 万炁之上，一人之下
20200626,WWDC20,2 恭喜 Swift 学生挑战赛获胜者！
20200626,限时特惠,3 夏日游戏特别优惠
20200626,今日游戏,4 香肠放进锅，总共分几步？
20200626,独立佳作,5 算不准的是人生
20200626,给小朋友,6 小朋友和大海
20200627,入门,1 轻松上手： 绘画 App 的 6 个选择
20200627,游戏文化,2 《荒野乱斗》大揭秘
20200627,专题,3 精选好游戏 周末畅快玩
20200627,今日游戏,4 人在塔在！
20200627,指南,5 《VSCO》还可以这么玩！
20200627,生活解决方案,6 汇率换算好帮手
20200628,预订开启,1 地下城与勇士的世界就在眼前
20200628,玩起来,2 本周新游推荐
20200628,今日游戏,3 小萌怪大战鼻涕虫
20200628,今日 APP,4 过一把复古瘾
20200628,给小朋友,5 给亲子时光加点创意
20200628,提高效率,6 你的掌上扫描仪
20200629,编辑最爱,1 六月最佳
20200629,脑洞大开,2 工作使我快乐？！
20200629,编辑最爱,3 学习多有意思呀！
20200629,今日游戏,4 扭曲之下是通途
20200629,今日 App,5 像素风音乐创作器
20200629,生活解决方案,6 智能修图新体验
20200630,WWDC20,1 2020 Apple Design Awards 揭晓
20200630,专题,2 本周热门游戏
20200630,生活解决方案,3 给你的灵感 找个美好去处
20200630,今日 APP,4 复古视频玩出新意
20200630,游戏文化,5 兵器谱 ：青龙偃月刀
20200630,提高效率,6 如果你是个自由职业者
